Sr.No, GameName
GUNSHIP BATTLE : Helicopter 3D
Sniper 3D Assassin: Free Games
Gunship Strike 3D
Pixel Gun 3D (Pocket Edition)
Grand Gangsters 3D
WARSHIP BATTLE:3D World War II
San Andreas: Real Gangsters 3D
Plane Simulator 3D
PEPI Skate 3D
VELOZ Police 3D
Kitten Cat Simulator 3D Craft
Street Skater 3D
Morden Air Combat(3D)
PEPI Bike 3D
Street Skater 3D: 2
Zombie Waves 3D
Block Gun 3D: Ghost Ops
SKATE vs BMX 3D
Lion Hunting Challenge 3D
Jungle Sniper Hunting 3D
Crocodile Simulator 3D
MORTAL Racing 3D
Dungeon Archer Run 3D
Pixel Strike 3D
Nights at Cube Pizzeria 3D â€“ 2
3D Tanks Online: Tanktastic
Train Attack 3D
City Ninja Assassin Warrior 3D
San Andreas Crime City 3D
San Andreas Gangster 3D
Last Hope - Zombie Sniper 3D
Sniper Killer 3D
Dog Puppy Simulator 3D
Horror Hospital 3D
Angry Lion Attack 3D
Combat Trigger: Modern Dead 3D
Counter Swat Strike Team 3D
Ninja Warrior Assassin 3D
Deer Hunting â€“ 2015 Sniper 3D
Tank Battle 3D: World War II
Dinosaur Mercenary 3D
Stunt Bike 3D
Block Gun 3D: Call of Destiny
ZECA TAXI 3D
Cube Gun 3d - Free Mine FPS
Pixel GunCraft 3D Zombie FPS
Strike Terrorist 3D
Shinobidu: Ninja Assassin 3D
Angry Shark Simulator 3D
Vendetta Crime Empire 3D
City Crime:Mafia Assassin 3D
Tank Battle 3D Free
Navy Warship 3D Battle
Sky Pilot 3D Strike Fighters
Commando Survivor Killer 3D
Crime lord: Gangster City 3D
Zombie Sniper 3D II
Real Car City Driver 3D
Robo5: 3D Action Puzzle
Gunship Helicopter War 3D
Office Worker Revenge 3D
Zombie Combat: Trigger Call 3D
Underworld Police Battle 3D
Block Gun 3D - Minecraft Style
Sniper Assassin Terminator 3D
3D Army plane flight simulator
Moto Island 3D Motorcycle game
Animal Hunter 3D
Block Gun 3D: Haunted Hollow
Climbing Sand Dune 3d
Mine Gun 3d - Cube FPS
Tank Perak 3D
Don't Touch White 3D
Heli Air Attack 3D - Dogfight
Island Car Racing 3D
Climbing Sand Dune 3d 1
Horror Forest 3D
Efun-å¤©é¾å…«éƒ¨3D-çµ•ä¸–ç¥æŠ€
Sniper 3D 2015
Magical Maze 3D
The Last Commando 3D
Tanks Fight 3D
Air War 3D: Invasion
ÄAO PHONG VÃ” SONG 3D
Doll Destruction : 3D ragdoll
3D Maze / Labyrinth
3D Maze 2: Diamonds & GhostsğŸ’
Charlie Charlie Challenge 3D
Charlie Charlie 3D
Climb Craft 3D
Mine Maze 3D
Top Celebrity: 3D Fashion Game
LandLord 3D: Survival Island
Cops Vs Robber Survival Gun 3D
Jungle Dinosaurs Hunting - 3D
3D Maze (The Labyrinth)
Paper Monsters 3d platformer
Poseidon's Pirates 3D
Ocean Run 3D
Zombie Roadkill 3D
SpeedX 3D
Wild Hunter 3D
Tank Recon 3D (Lite)
aTilt 3D Labyrinth Free
3D Rollercoaster Rush NewYork
Transporter Plane 3D
3D BALL FREE
Haunted Circus 3D
F18 3D Fighter Jet Simulator
Transporter 3D
Helicopter 3D flight simulator
Armored Aces - 3D Tanks Online
Ban Ca An Xu 3D
School Bus 3D
Ninja Runner 3D
WW2 Aircraft Battle 3D
Labyrinth 3D
Kitchen Adventure 3D
Death Run 3D
Traffic Racer 3D
Tank World War 3D
Bus Simulator 3D - free games
iSniper 3D Arctic Warfare
Police Helicopter - 3D Flight
Fingers Vs Knife 3D
Train Simulator 3D
Speed Holic 3D
Penguin Diner 3D
Limousine 3D Driver Simulator
Sniper Killer 3D â…¡
ë°°í‹€ë¡œë´‡![ê°€ì…ì—†ì´ ì¦ê¸°ëŠ” ë³¸ê²© 3D ê²©íˆ¬ ì•¡ì…˜ê²Œì„]
ARCHERY 3D
Platform Run 3D
Sea Battle 3D
Turbo 3d Racing
Flight Gun 3D
Space Wars 3D
Torpedo Attack 3D Free
3D Jet Fighter : Dogfight
3D horror game
Cave Run 3D
ç¥ä¹‹åˆƒ-æ¥µè‡´3DÂ·è¶…å®Œç¾å‹•ä½œæ‰‹éŠ
Radio Ball 3D Free
SpaceCat (3D)
Flappy 3D
Traffic Panic 3D
Rocket Craze 3D
Pirate Hero 3D
Carrom 3D
Chess 3D free
DropDown Block 3D
Virtual Horse Racing 3D
Crazy Eights 3D
Dice 3D
Solitaire 3D
Slots - Vegas Party 3D Free!
Junglee Teen Patti 3D
éº»é›€ é›·ç¥ -Rising-ï½œç„¡æ–™ã§æ¥½ã—ã‚ã‚‹æœ¬æ ¼3Déº»é›€
HorseWorld 3D LITE
RUN RUN 3D
Princess Game: Salon Angela 3D
Style Me Girl: Free 3D Dressup
My little unicorn runner 3D
Brain Surgery Simulator 3D
ã€å…è²»3Då¯µç‰©éŠæˆ²ã€‘æ™´å¤©å°ç‹—
Crazy Dr Surgery Simulator 3D
Ava the 3D Doll
Princess 3D Salon - Girl Star
Baby Babsy Amusement Park 3D
Ball Coaster 3D - roller dash
Lalaloopsy 3D Land
Princess Salon: Make Up Fun 3D
Coco Dress Up 3D
100 Candy Balls 3D
LINE TOUCH èˆåŠ›å…¨é–‹3D
3D City Run 2
3D City Zombie RUN
Tunnel Trouble 3D
My Paper Plane 2 (3D) Full
HILL CLIMB TRANSPORT 3D
My Talking Baby Care 3D
Princess 3D Salon - Beauty SPA
Toy Claw 3D FREE
Horse Quest Online 3D
Falldown 3D
Tiki Golf 3D FREE
TightRope Walker 3D
Car Parking Experts 3D
Smash Fruit 3D
Fire Electric Pen 3D
3D Model Dress Up Girl Game
My Paper Plane 3 (3D) Lite
Balance 3D
Real Truck Parking 3D
Bus Parking 3D
Can you escape 3D
Ball Travel 3D Update
Maze 3D
Magic Cube Puzzle 3D
Classic Labyrinth 3d Maze
Ball Resurrection 3D
Precision Driving Retro 3D
Parking 3D
TetroCrate: 3D Brick Game
Mahjong 3D
Speed Driving 3D
Troll Face Quest 3D
Demolition Master 3D FREE
Classic Car Parking 3D Light
Navy Battle 3D
Bubble Blast 3D
Fast Racing 3D
Bike Racing 3D
City Racing 3D
Hill Climb Race 3D 4x4
Moto Racer 3D
Powerboat Racing 3D
City Driving 3D
School Driving 3D
Toy Truck Rally 3D
Truck Driver 3D: Offroad
Turbo Driving Racing 3D
Police Car Chase 3D
RE-VOLT 2 : Best RC 3D Racing
Moto Fighter 3D
Real City Car Driver 3D
Speed Roads 3D
Motorbike Driving Simulator 3D
Crazy Driver Police Duty 3D
Horse Racing 3D
Racing 3D: Asphalt Real Tracks
Crazy Racer 3D - Endless Race
Police Car Driver 3D
Police Car Driver 3D
Real Driving 3D
Race Illegal: High Speed 3D
Extreme Car Driving Racing 3D
Tiki Kart 3D
Parking Reloaded 3D
Backyard Parking 3D
City Driving 3D : Traffic Roam
Stunt Bike Racing 3D
Moto Racing 3D
Crazy Driver Taxi Duty 3D
Extreme GT Racing Turbo Sim 3D
RE-VOLT Classic - 3D Racing
Ghost Ride 3D
Criminal Russia 3D.Gangsta way
AE 3D MOTOR :Racing Games Free
Moto Race 3D
Trial Xtreme 2 Racing Sport 3D
Dirt Road Trucker 3D
Crazy Parking Car King 3D
Parking Challenge 3D [LITE]
Trucker Parking 3D
Truck Parking 3D
Precision Driving 3D 2
Extreme Racing GT Simulator 3D
Precision Driving 3D
Truck Driver 3D
Speed Cars: Real Racer Need 3D
Space Racing 3D - Star Race
Voxel Rush: 3D Racer Free
Extreme Sports Car Driving 3D
Death Racing Fever: Car 3D
Crime race car drivers 3D
Kart Racer 3D
Police Car Racer 3D
Taxi Simulator 3D
MEGA MOTO RACING 3D
Traffic Racer Cockpit 3D
Fast Police Car Driving 3D
3D Monster Truck Parking Game
Extreme Rally SUV Simulator 3D
Hill Racing 3D: Uphill Rush
Extreme Car Driving 3D
Motorcycle Driving 3D
Traffic parking 3d
Police bus prison transport 3D
Dr Driving 3D
Extreme Super Car Driving 3D
Hill Slot Car Racing 3D UAE
Car Driving 3D - Night Driving
Turbo Racer 3D
Water Motorcycle 3D
Motor Bike Crush Simulator 3D
Taxi Driver Mania 3D racing
4x4 Monster Truck Stunts 3D
Crazy Driver Gangster City 3D
Extreme Simulator GT Racing 3D
Stunt Mania 3D
Crash Drive 3D - Offroad race
Extreme Super Car Driving 3D
Crazy Valet Parking King 3D
Desert Police Parking 3D
Daredevil Stunt Rider 3D
Hill Climb 3D
Motorbike Traffic Racer 3D
Offroad Extreme Parking 3d
Crazy Driver 3D: VIP City Taxi
Trial Bike Extreme 3D Free
cargo train car transporter 3D
Motor Bike Real Simulator 3D
18 Wheels Truck Driver 3D
Crazy Car Roof Jumping 3D
TAXI KING 3D
London City Bus Driving 3D
Car Parking 3D: Offroad Trucks
Cars And Guns 3D FREE
3D City driving - Bus Parking
Drift Parking 3D
Rally Racer 3D
Highway Impossible 3D Race
Temple Fun 3D
RealParking3D Parking Games
3D Taxi
Crazy Jet Ski King 3D
Drift Racing 3D
Steampunk Racing 3D
Limousine City Parking 3D
Crazy School Bus Driver 3D
Crazy Bus Simulator 3D
Parking 3D - Army parking war
Dream Bike Turbo Sprint 3D
Åahin 3D
Dirt Bike 3D Racing
Car games: Racing 3D
Extreme Sport Car Simulator 3D
3D Street Racing 2
Ultra Police Hot Pursuit 3D
Truck Driver Highway Race 3D
Free 3D Police Car Parking
Airport Taxi Parking Drive 3D
Free Bike Driving School 3D
SUV Drive 3D 4x4
3D Platform Climb Racing
Cops vs. Mafia 4x4 3D
Grand Race Simulator 3D
Police Car Driver Simulator 3D
Ultra 3D airport car parking
Crazy Run 3D
Crazy Moto Parking King 3D
Cargo Ship Car Transporter 3D
Cars Parking 3D Simulator
Crazy Parking Truck King 3D
Arab Village Parking King 3D
Rally Race 3D : Africa 4x4
Heavy dump truck 3D parking
Taxi Driver 3D Cab parking
4x4 Offroad Desert 3D
Temple Run 2
Shadow Fight 2
Agar.io
Crossy Road
slither.io
DEER HUNTER 2014
Banana Kong
Spider-Man Unlimited
Modern Sniper
Survivalcraft Demo
Guns
Color Switch
Gangstar Vegas
MORTAL KOMBAT X
Alto's Adventure
Hungry Shark World
Sniper Fury
MARVEL Contest of Champions
Injustice: Gods Among Us
Snake.io
DEAD TRIGGER 2
Modern Combat 5: Blackout
Counter Terrorist Attack
Real Steel World Robot Boxing
LINE Rangers
San Andreas Crime City
World of Tanks Blitz
Nebulous
Six-Guns: Gang Showdown
N.O.V.A. 3: Freedom Edition
Swamp Attack
Call of DutyÂ®: Heroes
Iron Man 3 - The Official Game
Blitz Brigade - Online FPS fun
Into the Dead
DEAD TARGET: Zombie
FRONTLINE COMMANDO: D-DAY
Walking War Robots
DEER HUNTER 2016
Respawnables
Kill Shot Bravo
Doodle Army 2 : Mini Militia
Bus Rush
DINO HUNTER: DEADLY SHORES
FRONTLINE COMMANDO
DEAD TRIGGER
LEGOÂ® Ninjago Tournament
Five Nights at Freddy's 4 Demo
Beat the Boss 2
Break the Prison
RoboCopâ„¢
Elite Killer: SWAT
Five Nights at Freddy's 3 Demo
FRONTLINE COMMANDO 2
DRAGON BALL Z DOKKAN BATTLE
Die in 100 Ways
PPSSPP - PSP emulator
Metal Soldiers
Lara Croft: Relic Run
Critical Strike Portable
LEGOÂ® City My City
Thor: TDW - The Official Game
Beat the Boss 4
Real Steel Boxing Champions
Smashy Road: Wanted
FRONTLINE COMMANDO: WW2
Jungle Castle Run 3
Bomber Friends
ãƒ¢ãƒ³ã‚¹ã‚¿ãƒ¼ã‚¹ãƒˆãƒ©ã‚¤ã‚¯
Zombie Frontier 3
hunting Jungle Animals
Mountain Sniper Shooting 3D
CONTRACT KILLER: SNIPER
Sniper Shoot War 3D
BLOOD & GLORY
Gods of Rome
Tower Ninja Assassin Warrior
Strawberry Shortcake BerryRush
300: Seize Your Glory
UNKILLED
Beat the Boss 3
Sniper: Traffic Hunter
Endless Run Magic Stone
CONTRACT KILLER 2
Brave Frontier
Fighting Tiger - Liberal
Prison Break: Lockdown (Free)
Zombie Age 2
Dude Perfect 2
Zombie Highway
LEGOÂ® Star Warsâ„¢ Yoda II
Sea Battle
Assassin's Creed Pirates
BombSquad
Fail Hard
LEGOÂ® Ninjago REBOOTED
Max Steel
WWE Immortals
Godzilla: Strike Zone
The Maze Runner
Knights & Dragons - Action RPG
ë¸”ë ˆì´ë“œ for Kakao
Ninja Revenge
Royal Revolt 2
Sonic Jump Fever
League of Stickman Free
Enemy Strike
Lose Weight - Slimming!
Mission Impossible RogueNation
Sea Battle 2
Anger of Stick 2
Fruit Slice
Zombie Frontier
Tiny Troopers 2: Special Ops
Slugterra: Dark Waters
Toilet & Bathroom Rush
Asphalt Overdrive
Wipeout 2
Super Penguins
Iron Force
Garfield's Pet Hospital
Call Of ModernWar:Warfare Duty
ETERNITY WARRIORS 2
Miami crime simulator
í™œ for Kakao
CONTRACT KILLER
TERMINATOR GENISYS: GUARDIAN
LEGOÂ® Scooby-Doo Haunted Isle
Dragon Hills
Fast & Furious: Legacy
SNIPER X WITH JASON STATHAM
Crime City (Action RPG)
Battle Run
Captain America: TWS
Modern War by GREE
French's World
Zombie Hunter: Apocalypse
Major Mayhem
Ben10 Vengeance of Vilgax FREE
BLOOD & GLORY (NR)
Zombie Frontier 2:Survive
Robbery Bob
Break Bricks
Scare Your Friends - JOKE!
Spider Junior 2: man of order
EvilBane: Rise of Ravens
Minigore 2: Zombies
BLOOD & GLORY: LEGEND
GUN BROS MULTIPLAYER
Zombie Diary 2: Evolution
Overkill 3
California Straight 2 Compton
SAMURAI vs ZOMBIES DEFENSE 2
Daddy Was A Thief
Anger Of Stick 4
Larva Heroes: Lavengers 2014
Sonic Runners
Defender
ì˜ì›… for Kakao
Iron Knights
Call of Miniâ„¢ Dino Hunter
Zombiewood â€“ Zombies in L.A!
SAMURAI vs ZOMBIES DEFENSE
Battle of Saiyan
iRunner
DUAL!
Rivals at War: Firefight
SpecialSoldier - Best FPS
Crazy Taxiâ„¢ City Rush
Smash Champs
Bridge the Wall
Rope Hero
Zombie Highway 2
Rival Knights
SAS: Zombie Assault 3
Grand Theft Auto: iFruit
ã‚±ãƒªå§«ã‚¹ã‚¤ãƒ¼ãƒ„
Winx Bloomix Quest
Smashy City
FATAL Driver GT
í„°ì¹˜íŒŒì´í„° for Kakao
Guncrafter
Zombie Assault:Sniper
LEGOÂ® BIONICLEÂ®
Smudge Adventure
DEER HUNTER RELOADED
Hopeless: The Dark Cave
Heroes of Dragon Age
Whack Your Teacher 18+
The Jungle Book: Mowgli's Run
Five Craft Nights
Battlelog
Dead Effect
Krrish 3: The Game
Rope'n'Fly 4
Wings on Fire - Endless Flight
MOTOCROSS MELTDOWN
RunBot
Killer Bean Unleashed
Occupation
Pororo Penguin Run
Cockroach Smasher Top Free App
GUNNER'S BATTLEFIELD
One Finger Death Punch
Hero Legend
Zombie Catchers
Crisis Action-eSports FPS
Destroy Gunners SPÎ±
Dhoom:3 The Game
Storm of Darkness
Blood Zombies HD
Sniper Shooting 3D
Anger of Stick 3
Critical Ops
Ben 10: Omniverse FREE!
PAC-MAN DASH!
Power Hover
Gun Club 2
Carnivores: Dinosaur Hunter HD
Doraemon Gadget Rush
LINE MASS FISHING
Codes for GTA Vice City
CONTRACT KILLER: ZOMBIES (NR)
Tank Battles
BIG TIME GANGSTA
Nun Attack: Run & Gun
Smash the Office - Stress Fix!
Russian Crime Simulator 2
Dino Island
Block Ops II FREE
Shoot Hunter-Killer 3D
Fantasy Fighter
Crafting Guide Professional
San Andreas Crime City II
LEGOÂ® HeroFactory Brain Attack
Air Battle: World War
Stick Fight
Hambo
Block Strike
Chuck E.'s Skate Universe
Death Shooter 3D
Mutants: Genetic Gladiators
Survival Run with Bear Grylls
Amazing Ninja
CONTRACT KILLER: ZOMBIES
Smash
The Pirate: Caribbean Hunt
Ninja Kid Run Free - Fun Games
Blocky Cars Online
ì²œëª…
Whack Your Boss: Superhero
Stickman Impossible Run
LEGOÂ® Ninjago: Skybound
Sword of Chaos - ĞœĞµÑ‡ Ğ¥Ğ°Ğ¾ÑĞ°
Pyramid Run 2
Mike's World 2
HEADSHOT à¸ªà¸‡à¸„à¸£à¸²à¸¡à¸›à¸·à¸™à¹€à¸”à¸·à¸­à¸”
THE KING OF FIGHTERS-A 2012(F)
Táº­p KÃ­ch (Crisis Action)
Standoff : Multiplayer
Temple Bunny Run
Jungle Run
Sea Stars
Gunship Counter Shooter 3D
ë°±ë°œë°±ì¤‘ for Kakao
Chiáº¿n Dá»‹ch Huyá»n Thoáº¡i
DRAGON SLAYER
Mutant Fighting Cup 2
Fireworks Bang New Year
Gunner Battle City
Toughest Game Ever 2
Miami Rope Hero
GT Apache vs Tank in New York
Commando Adventure Assassin
Power Rangers Dino Rumble
Moon Chaser
City Jump
Bank Robbery Crime LA Police
SAS: Zombie Assault 4
Power Level Warrior
Whack The Thief
Iron Kill Robot Fighting Games
Hopeless 2: Cave Escape
Turbo Kids
Russian Crime Simulator
å…¨æ°‘æ§æˆ°
Enemy Strike 2
DEER HUNTER CHALLENGE
Cat Simulator
Colossatron
GUN BROS 2
Bushido Bear
Russian Hunting 4x4
Implosion - Never Lose Hope
Vincent
Motor Hero!
Mole!Mole!!Mole!!!
Fightback
Duty Army Sniper 3d shooting
Stickman Revenge 2
The Survival Hunter Games 2
Mission: Berlin
Manuganu 2
Sword of Chaos - FÃºria Fatal
BMX Kid
Epic Heroes War
Modern Combat 4: Zero Hour
Stickman fighter : Epic battle
Zombie Age 3
Experiment Z - Zombie Survival
Fatal Fighting
CKZ ORIGINS
Gang Thug Action
Ace of Arenas
Special Forces Group
Cops and Robbers 2
Skyblock Island Survival Games
Gangster Town
Castle Crafter
Sniper Duty: Prison Yard
Battle of Ninja
Ultimate Robot Fighting
Mussoumano Game
LINE: ONE PIECE ç§˜å¯¶å°‹èˆª
Mitosis: The Game
LINE Battle Heroes
Sword of Chaos
DEATH DOME
Modern Warplanes
Assault Line CS - Online Fps
ì´í„°ë‹ˆí‹°Â ì›Œë¦¬ì–´ìŠ¤Â 2
The Pit
Yummy: Hungry Games
Grand Theft Auto: San Andreas
Star Wars Rebels: Missions
æ€ªç‰©å½ˆç 
INDESTRUCTIBLE
Vendetta Miami Crime Sim 2
Wrestle Funny
Block Battles: Star Guardians
Cartoon Network GO!
BLEACH Brave Souls
Clash of Spartan
Stickman Battlefields
San Andreas Straight 2 Compton
Dead Effect 2
Devil Eater
Wild Tanks Online
LEET Servers for Minecraft PE
Chiáº¿n CÆ¡ Huyá»n Thoáº¡i
Stick Squad - Sniper Contracts
BIMA-X
DeathRun Portable
Mobfish Hunter
HERO-X
Prop Hunt Portable
Red Hands â€“ 2-Player Games
Block Force - Cops N Robbers
Zombie Gunship Free
LINE: ONE PIECE TreasureCruise
Shadow Strike
Super Battle for Goku Devil
ë©€í‹°ì˜ì‹ 
Nusrat
Rival Kingdoms: Age of Ruin
Xenowerk
ãƒ‰ãƒ©ã‚´ãƒ³ãƒœãƒ¼ãƒ«Z ãƒ‰ãƒƒã‚«ãƒ³ãƒãƒˆãƒ«
Gun Builder ELITE
ãƒ•ãƒ«ãƒœãƒƒã‚³ãƒ’ãƒ¼ãƒ­ãƒ¼ã‚º
CityCraft
Endless Run Magic Stone 2
Cops N Robbers - FPS
Pocket MapleStorySEA
Sniper Desert Action
Shinobi War
Elite Spy: Assassin Mission
Larva Heroes Episode2
Cube Zombie War
Bloody Harry
Snail Battles
Agent #9 - Stealth Game
MurderGame Portable
Cops Vs Robbers: Jail Break
Prop Hunt Multiplayer Free
Magic Rampage
Sendokai Champions Runner
Aliens Drive Me Crazy
Stickman And Gun2
í”„ëŸ°íŠ¸ë¼ì¸ ì½”ë§Œë„
Journey of spiderman
Blocky Cop Craft Running Thief
Superheros Free Fighting Games
å¸¸é§å‹ãƒ¢ãƒ³ã‚¹ãƒˆãƒãƒ«ãƒæ²ç¤ºæ¿forãƒ¢ãƒ³ã‚¹ã‚¿ãƒ¼ã‚¹ãƒˆãƒ©ã‚¤ã‚¯
Chicken Boy
LEGOÂ® Hero Factory Invasion
Soul Guardians: Age of Midgard
Pixel Combat Multiplayer HD
Zombie Defense 2: Episodes
BOMBSHELLS: HELL'S BELLES
Gangstar City : Crime Miami
HEROES OF DESTINY
Super Mechs
Stickman And Gun
ETERNITY WARRIORS 4
HERCULES: THE OFFICIAL GAME
Deadly Fight : Fighting Game
Dot Arena
MUTANT ROADKILL
Overcraft 2
Residence Of Evil
Heroes of SoulCraft - MOBA
Timing Hero : Colosseum & Raid
Bullet Party Modern Online FPS
Prison Escape City Jail Break
ë¡¤ ì‰ë„ìš°íŒŒì´íŠ¸2
Dragon Encounter
G.I. Joe: Strike
Coalition - Multiplayer FPS
Watch Dogs Companion : ctOS
Stormblades
Fight of the Legends
Angry Sea White Shark Revenge
Royal Revolt!
Evoker: Magic Card Game (TCG)
Zombie Objective
GrandChase M
Battle Strike Soldier Survival
Real City Gangster
Fight for Middle-earth
LEGOÂ® Chima: Tribe Fighters
Call Of Battlefield:Online FPS
Just Shout
Sniper SWAT FPS
Finger VS Axes
é›·éœ†æˆ°æ©Ÿ-æˆ°ç¥ç«¶æŠ€å ´
LOL Last Attack Global
Battlefield Combat Black Ops 2
BLOOD & GLORY: IMMORTALS
Superheros 2 Fighting Games
Zombie Harvest
Annelids: Online battle
Farm Invasion USA
é›·éœ†çªæ“Š-è¶…è¶Šæ§æˆ°æ–°æ™‚ä»£
Stick of Titan
Crime Simulator
Mr Flap
Doodieman Voodoo - FREE!
Hunting Jungle Animals 2
RPG ã‚ªãƒ«ã‚¯ã‚¹ã‚ªãƒ³ãƒ©ã‚¤ãƒ³ã€çˆ½å¿«ã‚¢ã‚¯ã‚·ãƒ§ãƒ³MMORPGã€‘
Gun Club 3: Virtual Weapon Sim
Dot Munch Fight Club
Gun Simulator
Thunder Strike à¸¢à¸´à¸‡à¹à¸¡à¹ˆà¸™à¹€à¸¥à¸¢!
Bird 420 - MLG edition
Taekwondo Game
Muhan Sangsa for Kakao
Sniper - American Assassin
Super Dynamite Fishing
One Wheel - Endless
Foosball - Goal Crusaders
Battle Robots!
Blade Waltz
Mighty Fighter 2
Call Of Country
êµ¬ìŒì§„ê²½
WithstandZ - Zombie Survival!
Bladelords - the fighting game
Zombie Defense: Adrenaline
Block Craft Space Edition
Grand Theft Auto III
Skyline Skaters
Army Sniper Shooter 3D
Fields of Battle
Goku Saiyan Warrior
Clay Jam
Office Rumble
Space Gangster
Horror Hospital Turkish
ã‚­ãƒ³è‚‰ãƒãƒ³ ãƒãƒƒã‚¹ãƒ«ã‚·ãƒ§ãƒƒãƒˆ
Just A Regular Arcade
Super Tank Battle - NES Memory
Tech Deck Skateboarding
Combat Strike Multiplayer
ä¸‰å›½å¤§æˆ¦ã‚¹ãƒãƒƒã‚·ãƒ¥ï¼ã€ã•ã‚“ã™ã¾ã€‘ä¸‰å›½å¿—ã²ã£ã±ã‚Šã‚¢ã‚¯ã‚·ãƒ§ãƒ³
Mutant Fighting Cup - RPG Game
Five Nights at Jurassic World
Demonic Savior
Corridor Z
Stealth Helicopter Fighter War
Arcane Soul
Mini Ninjas â„¢
Dead Route
9GAG Redhead Redemption
Tiny Troopers
Brothers: Clash of Fighters
San Andreas Crime Combat
Real Street Fighting
Modern Air Combat: Team Match
Animal Escape Free - Fun Games
Olympus Rising
Survival Hungry Games
Whack Your Neighbour
Iron Force
Squad Strike 2 : FPS
Taco Master
Gun Strike 2
Special Force - Online FPS
Happy New Year: The Game
Dragon Storm
POWER RANGERS KEY SCANNER
GEARS & GUTS
METAL GEAR SOLID V: GZ
F18 F15 Fighter Jet Simulator
Rage of the Gladiator
City Sniper Shooting 3D
Steel Street Fighter Club
Smash Dude Â®
Kill Steve 2
GÃ¶revimiz Vine
Pixel Dead
Fragger
Ashoka:The Game
Sword of Chaos - Kaos KÄ±lÄ±cÄ±
ã‚¦ãƒã®å§«ã•ã¾ãŒã„ã¡ã°ã‚“ã‚«ãƒ¯ã‚¤ã‚¤ã€€-ã²ã£ã±ã‚Šã‚¢ã‚¯ã‚·ãƒ§ãƒ³RPG-
Death Shooting 3D
SDé‹¼å½ˆBattle Station
Cel
Maze Runner: The Scorch Trials
Ninja Hero Cats
Syobon Action
Neji Storm Ninja
Overkill 2
Myth of Pirates
ìƒŒë“œìŠ¤í†° for Kakao
Garfield's Defense 2
Carnivores: Ice Age
Skater Kid
Just Cause 3: WingSuit Tour
æ‹³çš‡98 çµ‚æ¥µä¹‹æˆ°OL
Ramen Chain
iKungfu Stickman Kungfu master
Bajrangi Bhaijaan Movie Game
Cat Simulator - and friends
Dragon Heroes:Tap Survival
DDTank
Make Action! PicoPicoMaker
USA Crime City 2015
City Battle War
íƒœê·¹íŒ¬ë”: ì•¡ì…˜ ì‹ ì„¸ê³„
Horror Nights Story
Handless Millionaire 2
Deadly Marksman: Sniper Lethal
Far CryÂ® 4 Arena Master
Russian Crime Truck Theft
Diverse Block Survival Game
Hunger Games: Panem Run
Cat-Simulator
French's World 2
Carnivores: Dinosaur Hunter
Heroes of  Dragon Age
Future Crime Simulator
Duty calls elite sniper WW2
Call of Victory
Tank Attack Blitz: Panzer War
Battle Bears Gold Multiplayer
Kill Steve
Tank ON - Modern Defender
Gale wing
Zombies vs Soldier HD
Slenderman Damn Forest
Spider Guy
Transforming Survival Games
DEFENDERS & DRAGONS
Space Dog + | Facebook Game
Shaun the Sheep - Shear Speed
Running Shadow - RPG Runner
Thumb Arena
LINE Dragonica Mobile
Mine World
Quadropus Rampage
Speedy Ninja
Battlefield Combat Nova Nation
Run Forrest Run  Official Game
Tenkai Knights
GANG LORDS
Jurassic T-Rex : Dinosaur
Tomb Run
Hydro Storm 2
Carma Free
MonsterJam
3D Multiplayer Shooter
Five Nights at Freddy's
Zombie Sniper Game
War of Empires - The Mist
Stickman Roof Runner
Navy Gunner Shoot War 3D
Mansour Run
Sharks Attack 2014
Doodle Jump DC Super Heroes
The Dark Knight Rises
Sector Strike
The Amazing Spider-Man
Hunting Safari
Winter Fugitives: stealth game
Modern Assault Multiplayer HD
Mini Carnival
Stunt Extreme - BMX boy
Brownies Cooking
Battle Mechs
Black Operations
Gun Club Armory
Last Heroes - The Final Stand
Cube Craft 2 : Survivor Mode
Stop Terrorist
Pirates! Showdown Full Free
FPS War - Shooter simulator 3D
Shadow Hunter+
LEGOÂ® ULTRA AGENTS
ç™½è²“Project
Last Star
SWAT 2
Cartel Legend: Crime Overkill
KICK: The Movie Game
LEGOÂ® ULTRA AGENTS Antimatter
Heroes of 71
Ãc Chiáº¿n QuÃ¡i Váº­t KhÃ´ng Gian
ETERNITY WARRIORS
Smash the School - Stress Fix!
Rope Hero 2
Flappy Golf
One Tap Hero
Zombie Evil 2
Goat Rampage
Sheep Happens
Police Car Sniper
Aircraft Wargame 1
Birds vs Zombies 2
Bloody Monsters
Air War Jet Battle
Zombie Invasion : T-Virus
Deer Hunting game
DraStic DS Emulator
å¤¢ä¸‰åœ‹- Sç´šè³½äº‹ä¹‹å·”å³°å°æ±º
Sniper Hunter 4x4
Jungle Monkey Kong
Zombie Sniper Shooting 3D
Group Fight Online
Hellrider
Bubble Blast Adventure
Skate Surfers Free
Marble Legend 2
Project: SLENDER
Survival Games - District1 FPS
Pixel Gunner
Battlefield Combat: Frontline
Tanks War 2015
Trigger Down
ì‚¬ë¬´ë¼ì´ vs ì¢€ë¹„
Dhoom:3 Jet Speed
Navy Gunship Shooting 3D Game
Zombie Commando
KungFu Quest : The Jade Tower
Legend vs Zombies
å¤ªæ¥µç†Šè²“
Overkill Mafia
I Hate Fish
Air Control 2
NY Rex
Gang Nations
Ultimate Combat Fighting
Block Warfare: Medieval (FREE)
Operation Desert Storm
Sholay: Bullets of justice
Doll destruction
Pivot Light Saber
GUARDIANS OF THE SKIES
ë¸”ëŸ¬ë“œ & ê¸€ë¡œë¦¬(NR)
Stickman sniper
ã€ã‹ã‚“ãŸã‚“ï¼ã‹ã‚ã„ã„ï¼ã‚¢ã‚¯ã‚·ãƒ§ãƒ³RPGã€‘ã·ã¡ã£ã¨ãã‚ã«ãã‚‹
DoTa Truyá»n Ká»³
Sword Of Xolan
Ant Smasher Christmas Free App
Äáº¿ Cháº¿ Online - De Che AoE
Land of the Dead
Bug Rush Free
Cliffy Jump
Thunder Fighter 2048 Free
The Zombie: Gundead
ã¿ã£ã¡ã‚Šã­ã“ ã ã£ã—ã‚…ï¼
Defence Effect Free
Doodle Jump Easter Special
N.O.V.A. 3 - Near Orbit...
ãƒ´ã‚¡ãƒªãƒ¬ã‚®ã€ãƒ´ã‚¡ãƒªã‚¢ãƒ³ãƒˆãƒ¬ã‚®ã‚ªãƒ³ã€‘ç„¡æ–™æœ¬æ ¼ã‚¢ã‚¯ã‚·ãƒ§ãƒ³ãƒãƒˆãƒ«
Tank ON 2 - Jeep Hunter
ã‚¯ãƒ¬ãƒ¨ãƒ³ã—ã‚“ã¡ã‚ƒã‚“ åµã‚’å‘¼ã¶ ç‚ã®ã‚«ã‚¹ã‚«ãƒ™ãƒ©ãƒ³ãƒŠãƒ¼!!
War At Enemy Frontier
KittenTaxi
Survivalcraft
é‡‘é­šã®é”äºº æš‡ã¤ã¶ã—ç„¡æ–™é‡‘é­šã™ãã„é‡£ã‚Šã‚²ãƒ¼ãƒ RPG
Black Ops Sniper Shooter 3D
Dawn of Vengeance
Car Mod Game
æ¶ˆæ»…éƒ½å¸‚
Marble Heroes
DLC Simulator
Dog Survival Simulator
Deer Hunting in Jungle 2016
ì»¨íŠ¸ë™íŠ¸ í‚¬ëŸ¬ 2: ê·¸ë¦¼ì ìŒëª¨
Zombie Ninja Killer Apocalypse
Modi Run
Stilland War (Online MMO RPG)
Grand Battle--MMO Strategy:War
Small Fry
Crime Driver in Future
Rayman Jungle Run
PaperChase
Fireman
Don 2: The Game Lite
Force Sniper Battle War
Alpha Force Target
Pixel Sniper Zombie Apocalypse
Guns for MW3
The Survival Hunter Games
Weapon Attack War
Santa vs. Zombies
Angry Bull Simulator
GraalOnline Era
Cordy 2
Monster Strike
LINE WindSoul
Crime Driver
ä¸‰å›½å¿—ä¹±èˆ - ã‚¹ã‚¯ã‚¨ãƒ‹ãŒè´ˆã‚‹æœ¬æ ¼ä¸‰å›½å¿—RPG -
Star Fighter 3001 Free
Air Fighter
Gun Shooter 3D - World War II
Block Ops FREE
Timber Story
ãƒ¢ãƒ³ã‚¹ã‚¿ãƒ¼ã‚®ã‚¢ ãƒãƒ¼ã‚¹ãƒˆ
All Guns Blazing
Bubble Archery
Dino Run: Jurassic Escape
Max Axe - Epic Adventure!
Infinite Monsters
GT Tank vs New York
Parkour City
Snowboard Run
CJ: Strike Back
Ninja Dashing
Mortal Street Fighter Club
Shooting Contract: Sniper 3D
Singham Returns â€“ Action Game
iDestroy War  Ant & Bug Killer
Temple Home Run 2015
Helicopter Commando Air Strike
Zombie Hell - FPS Zombie Game
Gangster Simulator
ëŸ°ë‹ë§¨ (Running Man)
Racing Penguin - Flying Free
Lost Temple
å…¬ä¸»è¸¢é¨å£«Sweets
Bike Rider 3rd Race
Sniper Expert 3D - Shooting
Furious Sicilian Vendetta
Siege Hero
Mental Hospital III Lite
FlashLight
Lone Sniper Army Shooter 3D
Zombie Shooter 3D
Destroy Gunners F
Boxing Street Fighter
Warfare Nations
Galaga Special Edition Free
Little Craft
HUNTERÃ—HUNTER ãƒãƒˆãƒ«ã‚ªãƒ¼ãƒ«ã‚¹ã‚¿ãƒ¼ã‚º
Naval Clash Battleship
Stunt Star The Hollywood Years
Zombie Invasion : Escape
Bad Traffic
Game of Survival 3
Furious Russian Vendetta
Soul of Legends
New BikeRiderDX
Slendy (Slender Man)
The City Sniper
Captain Strike - eSport TPS
Guns for BO2
AURA Legend (ì•„ìš°ë¼ ë ˆì „ë“œ)
Unreal Fighter Lite
Real Toss
High Noonâ„¢
Dog Simulator
Dragon Finga
Slender: The Corridors
Galaxy Craft
Kingdom ConquestII
Tank Hit
Navy Carrier Strike - Gunner
Ninja Loot
World of Warriors: Duel
Gunner
MARVEL Future Fight
Angry Birds Epic RPG
Summoners War
Star Warsâ„¢: Galaxy of Heroes
Magic Rush: Heroes
Tap Titans
Avakin Life
ëª¬ìŠ¤í„° ê¸¸ë“¤ì´ê¸° for Kakao
Walking Dead: Road to Survival
DragonSoul
Dungeon Hunter 4
Seven Knights
Kritika: The White Knights
School of Dragons
Darkness Reborn
Battle Camp
Star Girl: Beauty Queen
ì„¸ë¸ë‚˜ì´ì¸  for Kakao
Dungeon Hunter 5
Age of Warring Empire
Heroes Charge
Online RPG AVABEL [Action]
Arcane Legends MMO-Action RPG
Galaxy Legend
Equestria Girls
Princess Tailor Boutique
Crazy Doctor
League of Angels -Fire Raiders
My Candy Love
School of Chaos Online MMORPG
Crusaders Quest
Inotia 4
My Newborn - Mommy & Baby Care
ë ˆì´ë¸ with NAVER
Block Story
Dungeon Quest
Taichi Panda
Inotia3: Children of Carnia
ë³„ì´ë˜ì–´ë¼! for Kakao
Dragon Blaze
Dark Sword
Fashion Fever - Top Model Game
Taichi Panda: Heroes
ZENONIAÂ® 5
Monster Squad
Heroes of Camelot
Marvel: Avengers Alliance 2
Star Warsâ„¢: Uprising
SoulCraft - Action RPG (free)
KON(ì½˜)
Superstar Fashion Girl
Dungeon Hunter 3
Masha Doctor: animal hospital
Don't get fired!
í¬ì¼“ ë©”ì´í”ŒìŠ¤í† ë¦¬ for Kakao
Fashion Empire - Boutique Sim
ã‚¯ã‚¤ã‚ºRPG é­”æ³•ä½¿ã„ã¨é»’çŒ«ã®ã‚¦ã‚£ã‚º
Fashion Girl Power
Mage And Minions
Shakes and Fidget
Brave Trials
é‡‘å…‰ç¾¤ä¿ å‚³ - 2016 æœ€ç‹‚çš„æ­¦ä¿ ï¼
Order & Chaos Online
Age of Wushu Dynasty
Battle Alert : War of Tanks
Evolution: Heroes of Utopia
Cooking Master
ONE PIECE TREASURE CRUISE
Guardian Hunter: SuperBrawlRPG
Baby Shop
ë‹¤í•¨ê»˜ ë˜ì „ì™• for Kakao
Soul Hunters
HIT
ë¡œìŠ¤íŠ¸í‚¹ë¤
ONE PIECE ãƒˆãƒ¬ã‚¸ãƒ£ãƒ¼ã‚¯ãƒ«ãƒ¼ã‚º
ã‚°ãƒ©ãƒ³ãƒ–ãƒ«ãƒ¼ãƒ•ã‚¡ãƒ³ã‚¿ã‚¸ãƒ¼
æ©«æƒåƒè»
Unison League
Girls X Battle
The Greedy Cave
Gold Miner
FINAL FANTASY Record Keeper
Fashion Diva: Dressup & Makeup
Magic Legion
Is-it Love? Gabriel - Otome
ì˜ì›…ì˜ êµ°ë‹¨
ExtremeJobs Knight's Assistant
Brave Frontier RPG
Pooches in the Supermarket
Fantasy War Tactics
HonorBound (RPG)
Cartoon Wars 3
ãƒ•ã‚¡ãƒ³ãƒˆãƒ  ã‚ªãƒ– ã‚­ãƒ« ã€ç„¡æ–™æœ¬æ ¼ã‚·ãƒŸãƒ¥ãƒ¬ãƒ¼ã‚·ãƒ§ãƒ³RPGã€‘
The Weapon King
Eternal Arena
Kids Doctor Game - free app
Clash for Dawn: Guild War
ĞœĞ°ÑÑ‚ĞµÑ€Ğ° Ğ¡Ğ½Ğ¾Ğ²
Juggernaut Wars â€“ Arena Heroes
ZENONIA S: Rifts In Time
Order & Chaos 2: Redemption
å‰£ã¨é­”æ³•ã®ãƒ­ã‚°ãƒ¬ã‚¹ ã„ã«ã—ãˆã®å¥³ç¥-äººæ°—æœ¬æ ¼ã‚ªãƒ³ãƒ©ã‚¤ãƒ³RPG
ã‚°ãƒªãƒ ãƒãƒ¼ãƒ„
Mermaid Princess
High School Romance
World of Warriors
RPG Toram Online
Shinobi Heroes
Mystic Kingdom
Dungeon Boss
Wonder Tactics
League of Masters
ç™½çŒ«ãƒ—ãƒ­ã‚¸ã‚§ã‚¯ãƒˆ
Bulu Monster
Colopl Rune Story
í¬ë¦¬ìŠ¤íƒˆí•˜ì¸  for Kakao
Reaper
Hello Hero RPG
Dungeon Legends
Pixel Dungeon
íˆì–´ë¡œì¦ˆì›Œ for Kakao
ãƒ¦ãƒ‹ã‚¾ãƒ³ãƒªãƒ¼ã‚°ã€ãƒ¦ãƒ‹ãƒ•ãƒ¬ã¨å†’é™ºã€‘äººæ°—æœ¬æ ¼ã‚ªãƒ³ãƒ©ã‚¤ãƒ³RPG
MU Origin - VN
FINAL FANTASY Record Keeper
ãƒã‚§ã‚¤ãƒ³ã‚¯ãƒ­ãƒ‹ã‚¯ãƒ«â€™æœ¬æ ¼ã‚·ãƒŠãƒªã‚ªRPG/ãƒã‚§ãƒ³ã‚¯ãƒ­â€™
Fantasy Chronicles
Only One
Ben 10 Xenodrome Plus
ãƒ‰ãƒ©ã‚´ãƒ³ã‚¯ã‚¨ã‚¹ãƒˆãƒ¢ãƒ³ã‚¹ã‚¿ãƒ¼ã‚ºã€€ã‚¹ãƒ¼ãƒ‘ãƒ¼ãƒ©ã‚¤ãƒˆ
Baby Frozen Care
Music Idol - Coco Rock Star
å£è¢‹æ¥“ä¹‹è°· - è¢«éºå¿˜çš„è‹±é›„
ë“œë˜ê³¤ê°€ë“œS for Kakao
Soul Seeker
ã‚»ãƒ–ãƒ³ãƒŠã‚¤ãƒ„(Seven Knights)
Beast Quest
BooniePlanet
Pixelmon Hunter
Habbo - Virtual World
Dark Ares
ëª¨ë¹„ - ì‚¬ì „ì˜ˆì•½, ì‚¬ì „ë“±ë¡, ê²Œì„ì¿ í°
æ˜Ÿã®ãƒ‰ãƒ©ã‚´ãƒ³ã‚¯ã‚¨ã‚¹ãƒˆ
Inflation RPG
Hero Zero
Star Fashion Designer
S.O.L : Stone of Life EX
í•˜ì–€ê³ ì–‘ì´ í”„ë¡œì íŠ¸
åŠèˆ‡é­”æ³•ç‹åœ‹-ç„¡é«”åŠ›é™åˆ¶RPG
ì´ë°ì•„
ë§ˆìŒì˜ì†Œë¦¬ withÂ NAVER WEBTOON
HEROES WANTED : Quest RPG
MU Origin-TH
[SF]Stellacept Online[MMORPG]
God of Highschool
Krafteers - Tomb Defenders
ë®¤ì˜¤ë¦¬ì§„
Shards of Magic
Warspear Online (MMORPG, MMO)
ã‚ªãƒ«ã‚¿ãƒ³ã‚·ã‚¢ãƒ»ã‚µãƒ¼ã‚¬ -è’¼ã®é¨å£«å›£- ã€æˆ¦è¨˜RPGã€‘
Rise of Darkness
ë¶ˆë©¸ì˜ ì „ì‚¬2 : ìœ„ë„ˆìŠ¤ for Kakao
ã€Šå¹»æƒ³ç·¨å¹´å²ã€‹3.0 æ˜Ÿç©ºä¹‹ç¿¼è¦ºé†’
ãƒ¡ãƒ«ã‚¯ã‚¹ãƒˆãƒ¼ãƒªã‚¢ ç™’è¡“å£«ã¨éˆ´ã®ã—ã‚‰ã¹ï¼ˆãƒ©ã‚¤ãƒ³ãƒ»ã‚¹ãƒˆãƒ©ãƒ†ã‚¸ãƒ¼ï¼‰
Knights N Squires
Fate/Grand Order
Doraemon Repair Shop Seasons
ä¹–é›¢æ€§ãƒŸãƒªã‚ªãƒ³ã‚¢ãƒ¼ã‚µãƒ¼
RPG IRUNA Online MMORPG
ì°½ê³µì˜ìˆ˜í˜¸ì
Ninja Saga
Legion of Heroes
Terapets 2 Train Monsters Camp
Heroes Charge HD
Winx Fairy School Lite
ì˜ì›…ì˜ êµ°ë‹¨ for Kakao
My Talking Elly - Virtual Pet
Elements: Epic Heroes
ìœ ë‹ˆìŠ¨ ë¦¬ê·¸
Clicker Heroes
Brave Fighterï¼šMonster Hunter
Holy Knight EN
Underworld Empire
Age of Ishtaria - A.Battle RPG
Tiny Dice Dungeon
ë¶ˆë©¸ì˜ ì „ì‚¬ for Kakao
Guild of Honor
ë“œë˜ê³¤ì„ë§Œë‚˜ë‹¤ for Kakao
Dragon Raja M
Blood Brothers 2: Strategy RPG
Guild of Heroes - fantasy RPG
Star Girl: Princess Gala
The Last Vikings
FINAL FANTASY BRAVE EXVIUS
Blood & Blade
Spellstone
BattleHand
ì™“ì³ for Kakao
ì‹ ë¬´ for Kakao
Fallout Pip-Boy
Angel Stone RPG
Criminal Case
Exploration Lite
Benji Bananas
ì¿ í‚¤ëŸ° for Kakao
Rayman Adventures
ROBLOX
BADLAND
Jungle Adventures - free
Ice Age Adventures
â–º MultiCraft â€• Free Miner!
The Walking Dead: Season One
Clumsy Ninja
Masha and the Bear: Kids Games
Family Guy The Quest for Stuff
KIM KARDASHIAN: HOLLYWOOD
MARVEL Avengers Academy
Terraria
LEGOÂ® Juniors Quest
Medieval Craft 3
The Secret SocietyÂ®
Swordigo
Danger Dash
Monster Warlord
Ingress
Growtopia
Shipwrecked Lost Island Story
Devil Ninja 2
SWAT Sniper Anti-terrorist
The Walking Dead: Season Two
Westbound Adventure City Town
Multicraft: Pocket Edition
Transformers: RobotsInDisguise
Super Oscar
ZOMBIES ATE MY FRIENDS
Zombie Village
Army Sniper
Bunny Skater
Cops N Robbers
Zombie Dash
Jurassic Craft
Cubed Craft: Survival
HellFire: The Summoning
GinoÂ´s World
Hard Time (Prison Sim)
The Blockheads
Reckless Moto Rider
Draw a Stickman: EPIC Free
ê±°ì§€ í‚¤ìš°ê¸°
Tiny Miner
Adventure Time: Heroes of Ooo
Dead Ninja Mortal Shadow
Crazy Wheels
Ever After Highâ„¢: Baby Dragons
Savanna Craft
Village Life: Love & Babies
World Craft: Survival
Pororo Penguin Run
Batman v Superman Who Will Win
FreeCraft (parody of Minecraft
Zombie Escape
Adventure Town
Sandstorm: Pirate Wars
Fast like a Fox
Medieval Craft: Town Building
Mystery Manor
Medieval Craft 2: Castle Build
Amazing Thief
Adventure Escape: Asylum
Pocket edition free
KENDALL & KYLIE
Pet's Island - Piggy's coming
Draw a Stickman: EPIC 2 Free
Where's My Stuff? *Free*
Adventure Time: Masters of Ooo
X-Runner
íšŒìƒ‰ë„ì‹œ for Kakao
Unlimited Tips Subway Surfers
Ocean Is Home: Survival Island
LEGOÂ® NEXO KNIGHTSâ„¢:MERLOK 2.0
Castle Subway Soni Surfers
LONEWOLF (17+)
Gem Miner
BuriedTown
Nob's World - Jungle Adventure
DOOORS - room escape game -
Castle World of Mario
Alice in the Mirrors of Albion
Minecraft: Story Mode
STARDOM: HOLLYWOOD
Jurassic Dino Water World
Crafting Guide for Minecraft
Pearl's Peril
Terraria.
Dragon Land
Pixel Zombies Hunter
Super Craft HD
Cube Island Survival Simulator
Angelo Rules - The game
Dinos Online
The Wolf Among Us
On My Own
Build Craft
Survival Island FREE
Age of wind 3
Assassinâ€™s CreedÂ® IV Companion
Survival Island 2: Dino Hunter
Deiland
Cartoon Craft: Castle World PE
Cube Escape: Birthday
It Girl!
STARDOM: THE A-LIST
Wolf Online
Mino Monsters 2: Evolution
Treasure Diving
Exploration Craft
Ninja UP!
Ever After Highâ„¢
Star Girl: Moda Italia
WhiteIsland
Enigmatis 2
Monster Tail
Survivor Heroes
Assassinâ€™s CreedÂ® Unity App
Sea Hero Quest
Bright Adventures Exploration
Pizzeria Craft Survival
Gold Rush Country Escape City
Adventure Escape: Cult Mystery
Fun Kid Racing - Tropical Isle
Goosebumps Night of Scares
Cops N Robbers 2
Paranormal Asylum
EvoCreo - Lite
Island Castaway: Lost WorldÂ®
Ninja Adventure Time:Dark Path
ìœˆë“œëŸ¬ë„ˆ2 for Kakao
Beauty Idol
The Cursed ShipÂ®
Soda Dungeon
Roller Coaster VR attraction
Shipwreck Volcano Island Town
Miscrits: World of Creatures
Draw Your Game
Jungle World of Mario
Rescue Lucy
Megacraft: Build World
Puzzle & Dragons Radar
Ninja Fishing
My Free Farm 2
OPUS: The Day We Found Earth
The Silent Age
Jungle Free Run Game
Disney Infinity: Toy Box 2.0
Adventure Beaks
Land Sliders
DINO WORLD Jurassic builder 2
Forest 2
Nyan Cat: The Space Journey
City Craft: Herobrine
2 Cars
Time Gap Hidden Object Mystery
VR Crazy Rollercoaster
Monster City
Survival Games
Food Battle: The Game
Best Cricket Games for Mobiles
Poptropica
100 Toilets â€œroom escape gameâ€
Hidden City:Mystery of Shadows
Skyblock Craft
åƒ•ã®å½¼å¥³ã¯æµ®æ°—ãªã‚“ã‹ã—ãªã„
Cops N Robbers
Gunspell - RPG & Puzzle!
Motu Patlu Auto Rickshaw
Miles From Tomorrowland
VR Roller Coaster
Time To Escape
Skull Island Adv Paradise Bay
Slender Man Origins 1 Real
Heo Äáº¿n Rá»“i--Heo con phiÃªu lÆ°u
New world, paradise island bay
Adam and Eve 2
Jungle Monkey Saga
Dragon Ghost Super Warrior
Jungle Monkey Run
Adventure of Ted 2 - Free
Unicorn Dash Attack
Adventure Tombs Of Eden
Barsik: Escape from New York
Abyss: The Wraiths of Eden
Squirrel Run
Bunny Run
Adam and Eve
Run Cow Run
Stickman Escape
Garfield's Escape
Draw a Stickman: Sketchbook
World of Craft: Mine Forest
Spider Man Fly
é çš„è¦å‘½çš„ç‹åœ‹
Special Enquiry DetailÂ®
Survival Craft: Exploration
4Ã—4 mountain offroad
Escape Impossible: Revenge!
Ellie - Help me out, please...
The Hunger Games Adventures
Singlecraft: Multi World
3BODI
Pocket Three Kingdoms
Game of Thrones
The Quest Keeper
ShareLand Online
Forest
Gumball - Journey to the Moon!
Ğ¡Ğ¼ĞµÑˆĞ°Ñ€Ğ¸ĞºĞ¸. ĞšÑƒĞ»Ğ¸Ğ½Ğ°Ñ€Ğ¸Ñ
Crocodile Run
Jurrasic VR - Google Cardboard
BEYOND Touchâ„¢
Western Craft 2: Wild West
Goat Rampage Free
Kizi Adventures
Furdiburb
Hidden Object Mystery Guardian
Life Of Wolf 2014 FREE
KiKORiKi Free
Dark Arcana: The Carnival
Wild Dog Survival Simulator
Draw A Stickman
Farm Town: Cartoon Story
Ğ¢Ñ€Ğ¸ Ğ‘Ğ¾Ğ³Ğ°Ñ‚Ñ‹Ñ€Ñ. Ğ˜Ğ³Ñ€Ğ°
Mystery of the Crystal Portal
Nightmares from the DeepÂ®
Katy Perry Pop
Terrablock
Ball Resurrection
Jungle Monkey 2
Ğ¡Ğ¼ĞµÑˆĞ°Ñ€Ğ¸ĞºĞ¸. Ğ¡Ğ½Ğ¾Ñ‚Ğ²Ğ¾Ñ€ĞµÑ†
House - Escape
Zacky World
ëŒ€ì–´ë¶€ì‹œëŒ€
Ğ Ğ°Ğ·Ñ€ÑƒÑˆĞ¸Ñ‚ĞµĞ»Ğ¸
The HinterLands: Mining Game
Escape : Prison Break - Act 1
Dexter: Hidden Darkness
í„°ë‹ë©”ì¹´ë“œ ì¹´ë“œ ë°°í‹€
Slender Man Origins 3 Free
Disney Infinity: Toy Box 3.0
Finding Ojipockle!
ê±°ì§€í‚¤ìš°ê¸° í¬ë¦¬ìŠ¤ë§ˆìŠ¤ ì—ë””ì…˜
Tropical Craft 2: Jungle Mine
City Craft 2: TNT & Clowns
Real Hunter Simulator
PK - The Official Game
Lifeline
Letters from Nowhere 2
Amazing Wire
Temple FUN
Starlit Adventures
SpaceCraft FREE
Penguin Jump
Pilot Brothers
World of Blocks 2 Multiplayer
Action of Mayday: Last Defense
Castle of Illusion
Roller Coaster Games
Burger Star
SHARK ADVENTURE
LIMBO demo
Cubes Craft 2 HD
Turtle Ninja Jump
The Elder Craft: Frozenland
Noogra Nuts - The Squirrel
Easter Bunny Run
Jack Adventures
Shall we date?: Destiny Ninja
ë°©íƒˆì¶œ for Kakao
Alfie Run
Safari Escape
ğŸTurbo Bugs 2-Run & SurviveğŸ
WORLD PIECE
Hello Kitty Christmas
Seabeard
í•˜ë£¨ë§Œíˆ¬ëª…ì¸ê°„
Terra Monsters 2
ãƒ–ãƒ¬ã‚¤ãƒ–ãƒªãƒ¼ã‚¢ãƒ¼ã‚«ã‚¤ãƒ– D's report
Shall we date?:Blood in Roses+
Lost Tomb
Paranormal AgencyÂ®
Trapped in the Forest FREE
Adventure Time Blind Finned
Mystic Diary 2 - Hidden Object
Cubes Craft HD
Dungeon Nightmares Free
Multicraft block: Story Mode
Monster War
Seekers Notes
Hanuman To Lanka
Vampires: Todd and Jessica
Nightmares from the DeepÂ® 2
Herobrine Craft
Subway Surfers
Piano Tiles 2 (Don't Tap...2)
Hungry Shark Evolution
Geometry Dash Lite
Angry Birds
Zombie Tsunami
Jetpack Joyride
Fruit Ninja Free
Temple Run
Angry Birds Rio
Glow Hockey
Don't Tap The White Tile
Smash Hit
Angry Birds Space
Vector
Ant Smasher, Best Free Game
Angry Birds Seasons
Sonic Dash
Crazy Dentist - Fun games
LINE Cookie Run
Stack
Angry Birds Star Wars
Rail Rush
Skater Boy
Doodle Jump
DragonFlight for Kakao
Zombie Smasher
Disney Crossy Road
Diamond Dash
iBeer FREE - Drink beer now!
Geometry Dash Meltdown
Cooking Fever
Minecraft: Pocket Edition
LEGOÂ® DC Super Heroes
Twist
Lep's World 2 ğŸ€ğŸ€
Sonic Dash 2: Sonic Boom
Angry Birds Transformers
Tom & Jerry: Mouse Maze FREE
ìœˆë“œëŸ¬ë„ˆ for Kakao
BBTAN
Brothers in ArmsÂ® 3
Payback 2 - The Battle Sandbox
Red Ball 4
Swing
101-in-1 Games
Lep's World 3 ğŸ€ğŸ€ğŸ€
ZigZag
Gun Fu: Stickman 2
Run Subway Ninja
Call of Miniâ„¢ Infinity
Lep's World ğŸ€
Batman Arkham Origins
Crafting and Building
Fun Run 2 - Multiplayer Race
PAC-MAN
SHADOWGUN: DeadZone
Sky Whale
Angry Birds Friends
Jelly Jump
Ben 10 Xenodrome
Maze King
TV Remote Control Pro
Jewels Saga
Stick Hero
Winter Craft 3: Mine Build
Monster Dash
Sonic 4 Episode II LITE
Run
Zombie World War
LINE WIND runner
Stupid Zombies
Free Fur All â€“ We Bare Bears
Subway Scooters Free -Run Race
Kung Fu Do Fighting
Fun Run - Multiplayer Race
Clumsy Bird
Prize Claw 2
Angry Birds Slingshot Stella
SWAT
Glow Hockey 2
Cartoon Wars
Edge of Tomorrow Game
Prize Claw
Knock Down
Don't Touch The Spikes
Beat the Boss
My Boy! Free - GBA Emulator
Call of Mini: Zombies
Fruit Blast
Bricks DEMOLITION
Perfect Minecraft Building
Tank Hero
Teeter Pro
Manuganu
Zombie Killer
LEGOÂ® STAR WARSâ„¢
NinJump
iGun Pro -The Original Gun App
Onet Deluxe
Agent Dash
Zombie Diary
Can Knockdown 3
Archery
SimpleCraft 2: Biomes
Happy Jump
Daddy Long Legs
SpeedMoto
SimpleCraft 2
Stickman Base Jumper
PAC-MAN 256 - Endless Maze
Circle
Tap the Frog
SuperRetro16 Lite (SNES)
Mad Dex
Aircraft Combat 1942
Blast Monkeys
Slendrina:The Cellar (Free)
Spin-Tops
Stair Dismount
Infinite Stairs
Paper Toss 2.0
Angry Birds Action!
Bubble Maniaâ„¢
Masha and the Bear
Yoo Ninja! Free
Loop Taxi
Running Fred
Eyes - The Haunt
Gravity Guy FREE
AirAttack HD Lite
Death Moto 2
Cheating Tom 2
SpeedCar
Nyan Cat: Lost In Space
Rope'n'Fly 3 - Dusk Till Dawn
Sky Force 2014
Duet
Ski Safari 2
NinJump Deluxe
Sky
The 7D Mine Train
Zombie Road Racing
Ninja Chicken
Zombie Evil
Minebot for Minecraft PE 0.13
MyCraft
Discovery LITE
Squadron 1945
Jewel Maniaâ„¢
Hugo Retro Mania
Finger Slayer
Angry Gran Best Free Game
Candy Blast Mania
Mmm Fingers
Andrio's World
World Warships Combat
Cinderella. Way home.
SWAT and Zombies
PAC-MAN Championship Ed. Demo
Robot Unicorn Attack 2
Faily Brakes
Happy Bird Pro
Microtrip
STRIKERS 1945-2
Gun & Blood
Borderline - Life on the Line
Magic Touch: Wizard for Hire
Geometry Dash
Death Moto
Emulator for GBA
ZENONIAÂ® 4
Line Runner
Pumpkins vs. Monsters
Rope Escape
RETRY
Marble Legend
Swing Copters
The Line Zen
Dragon, Fly! Free
Robo Defense FREE
CCTAN
Bruce Lee: Enter The Game
Grabatron
Falldown Classic
ì¢€ë¹„ê³ ë“±í•™êµ
Skyward
Tap Tap Dash
Bricks Breaker King
Pinball
Death Worm Free
Labyrinth Lite
SpeedCarII
Epic Skater
Pimple Popper
Piano tiles two
StirFry Stunts - We Bare Bears
Benji Bananas Adventures
Timberman
Diamond Blast
Stick Run Mobile
Versus Run
Dulp
Break the Bricks
Freeze!
GUN ZOMBIE
Snake '97: retro phone classic
Airplane!
Super Adventurer
Gold Miner
Zombie Derby
Cartoon Wars 2
Crazy Goat FREE
Pop the Lock
Cartoon Wars: Gunner+
Extreme Road Trip 2
Tank Hero: Laser Wars
World's Hardest Game
Mini Golf MatchUpâ„¢
Hammer Time!
Basket Fall
City Craft 3: TNT Edition
John GBA Lite - GBA emulator
Ğ¢Ğ°Ğ½Ñ‡Ğ¸ĞºĞ¸ 1990 - Ñ‚Ğ°Ğ½ĞºĞ¸ Ñ Ğ´ĞµĞ½Ğ´Ğ¸
JellyKing : Rule The World
Hungry Babies Mania
Snake Game
Cheating Tom
Cartoon Wars: Blade
Wingsuit Stickman
Piano Tiles 6 (Don't Tap 6)
Risky Road
Nasty Goats
Spider Square
Guide for Minion Rush
Zen Pinball
GyroSphere Trials
Craft Exploration Survival PE
Kill Zombies Now- Zombie games
Team Awesome
Hunter Adventure
nds4droid
Punch The Trump
Chennai Express Official Game
iFighter 1945
SimpleCraft HD
Flappy Nyan
ExploreCraft 2: Build Edition
Nutty Fluffies Rollercoaster
Running Circles
Guide for Subway Surfers
Shopkins: Welcome to Shopville
Hola Games-Free Casual Gamebox
Guide For Subway Surfers
Spring Ninja
Retired Wizard Story
Pocket Soccer
Good Dinosaur: Dino Crossing
Garfield's Diner Hawaii
Ms. PAC-MAN Demo by Namco
Galatic Attack
Wolf on the Farm
Gangsters of San Francisco
Missiles!
Aces of the Luftwaffe
Air Attack (Ad)
Guide For Piano Tiles 2
Pinball Arcade
Hugo Troll Race 2.
Sling Kong
Tap the Frog: Doodle
Giant Boulder of Death
Make Them Fall
Pirate Craft
Robbery Bob 2: Double Trouble
Arcade Featured 2
Optical Inquisitor 17+
Dash till Puff 2
Wind-up Knight
Sky Streaker - Gumball
Angry Gran Toss
Fruit Splash Mania
Angry Gran 2
Popcorn Chef
Gravity Project
Panda Jump
Frisbee(R) Forever
Yoo Ninja Plus
End Portal Mod - Minecraft PE
Cake Maker - Cooking games
KarmaRun
The Amazing Iron Spider
Lane Splitter
Happy Chef 2
Stunt Car Challenge
Parkour: Roof Riders Lite
Bounce Classic
Winter Blocks
Smurfs Epic Run
Ninja Chicken Ooga Booga
Hill Climb Racing
Real Racing  3
Traffic Rider
Traffic Racer
Asphalt 8: Airborne
Dr. Driving
Drag Racing Classic
Angry Birds Go!
Extreme Car Driving Simulator
CSR Racing
Bike Race Free - Top Free Game
Turbo FAST
Cars: Fast as Lightning
Angry Gran Run - Running Game
BMX Boy
Racing in Car
Driving School 2016
Need for Speedâ„¢ No Limits
Highway Traffic Rider
Asphalt Nitro
Truck Driver Cargo
ë‹¤í•¨ê»˜ ì°¨ì°¨ì°¨ for Kakao
Nitro Nation Racing
GT Racing 2: The Real Car Exp
Racing Fever
Rally Racer Dirt
Dr. Parking 4
Trials Frontier
Earn to Die 2
Beach Buggy Racing
CarX Drift Racing
CSR Classics
Racing Rivals
Drive Ahead!
Trial Xtreme 3
Car Traffic Race
Thomas & Friends: Go Go Thomas
Raging Thunder 2 - FREE
Bike Mayhem Free
Trial Xtreme 4
Beach Buggy Blitz
RE-VOLT 2 : MULTIPLAYER
Sonic Racing Transformed
Mad Skills Motocross 2
Racing Moto
High Speed Race: Racing Need
Mini Racing Adventures
Earn to Die Lite
MOTO LOKO HD
Liberty Auto
Real Drift Car Racing Free
Up Hill Racing: Hill Climb
SBK15 Official Mobile Game
LEGOÂ® Speedorzâ„¢
Drag Racing: Bike Edition
Real Racing 3
Blocky Roads
Road Riot
Mad City Crime 2.02 Beta
2XL MX Offroad
Drag Racing 4x4
Turbo Car Racing
Highway Rider
Real Car Speed: Need for Racer
Offroad Legends
Rally Racer Drift
Boomerang Make and Race
Road Smash: Crazy Racing!
Moto X Mayhem Free
Cars: Traffic Racer
LEGOÂ® Pull-Back Racers 2.0
Redline Rush
Zombie Road Trip
Race the Traffic Moto
Trial Xtreme Free
MMX Racing
Monster Truck Destructionâ„¢
Spirit Run
Race The Traffic
Death Moto 3
Demolition Derby: Crash Racing
Speed Racing
Armored Car HD (Racing Game)
Moto Traffic Race
Asphalt Moto
Hill Racing: mountain climb
Just Drift
Speed Racing Ultimate 3 Free
Zombie Squad
Dubai Drift 2
Exion Hill Racing
Stick Stunt Biker 2
NinJump Dash: Multiplayer Race
Moto Racing
Moto Traffic Racer
Angry Gran RadioActive Run
Racing Air
Bike Attack Race : Stunt Rider
Police Car Driver
Moto Racer
Driving Zone: Russia
Raging Thunder - FREE
MMX Hill Climb
Speed Racing Ultimate Free
ë‹¤í•¨ê»˜ ë¶•ë¶•ë¶•2 for Kakao
Need for Racing: New Speed Car
Offroad Legends 2
Bike Racing Mania
Furious Car Driving
Asphalt Moto 2
Clash of Crime Mad San Andreas
Speed City Moto
Furious Racing
Smash Cops Heat
Cars Hill Climb Race
Extreme SUV Driving Simulator
Speed Car Drift Racing
Trial Xtreme 2 Winter
CarX Drift Racing Lite
Fun Kid Racing
Crash Drive 2: car simulator
Smash Bandits Racing
Stickman Downhill Motocross
Speed Night 2
Top Truck Free - Monster Truck
Speed Night
Parking Mania
Voyage 2: Russian Roads
Doraemon Repair Shop
Exion Off-Road Racing
Groove Racer
Bike Xtreme
Police vs Thief 2
Fast Motorcycle Driver
Road Warrior: Best Racing Game
Voyage: Eurasia Roads
Stickman Downhill
Red Bull Air Race The Game
Neon Motocross
Does not Commute
Drag Racing: Club Wars
Rage Racing
Crime City Real Police Driver
Bike Rivals
RC Car Hill Racing Simulator
Winx Sirenix Power
Motocross Motorbike Simulator
Pocket Rally LITE
MX Motocross Free
Need for Drift: Most Wanted
Racing Online
Hill Climb Truck Racing : 2
LEGOÂ® DC Mighty Micros
Gang The Auto
Ultimate MotoCross 2 Free
Top Speed: Drag & Fast Racing
Splash Cars
Thumb Drift - Furious Racing
Daytona Rush
Highway Racer : No Limit
Road Drivers: Legacy
Highway Traffic Racer
Angry Gran - Hill Racing Car
Duty Driver LITE
Parking Madness
Torque Burnout
Moto Pizza Delivery
Racing Bike Free
Fetty Wap:Nitro Nation Stories
Desert Traffic Racer
Night Moto Race
racing car game
Zombie Run HD
San Andreas Crime Stories
Drift X
PAC-MAN Kart Rally by Namco
Pure Gymkhana Rally - Drift !
Car Driving Simulator: SF
Offroad Hill Racing
Race the Traffic Nitro
Drift Mania Championship Lite
Moto Rider
Parking Frenzy 2.0
Motoheroz
Drift car city traffic racer
Gigabit Off-Road
Drift Mania Championship 2 LE
PARKING SPEED CAR
Pako - Car Chase Simulator
Motocross Kids - Winter Sports

Real Gangster 3
Speed Auto Racing
Hoverboard Stunts Hero 2016
Death Racing:Moto
Table Top Racing Free
Truck Racing Games
Shake Metal
Cyberline Racing
Pure Drift
Crazy Monster Truck - Escape
Flail Rider
RC Monster Truck
Mountain Climb Race 2
Car Racing
ë¯¸ë‹ˆëª¨í„°ë ˆì´ì‹± for Kakao
Robber Race Escape
Fun Kid Racing - Motocross
Russian Cars: Priorik
Real Driver: Parking Simulator
Paper Racing
king of drift
Death Race - The Official Game
Tilt Racing
Hovercraft: Takedown
City Driving 2
Need for Speedâ„¢ Most Wanted
Stickman Trials
Multiplayer Driving Simulator
Asphalt 7: Heat
Tuning Brazil FREE
LEGOÂ® Speed Champions
JDM Drift Underground
Wave Blazer - FREE
Bike Up!
Jungle MotorBike Racing
Hovercraft - Build Fly Retry
Death Race:Crash Burn
Driving Zone
Drift Max
Falling Ball
Real Formula Racing Rival
Death Tour- Racing Action Game
Perfect Shift
World of Derby
Light Shadow Racing Online
Car Driver 3 (Hard Parking)
Racing Games
Death Pipe Free
Real Gangster 5
Extreme Drag Racing
Racer UNDERGROUND
Monster Car Hill Racer
Top Bike: Racing & Moto Drag
Mad City 2 Gangster life
Car Racing 2015
moto speed game
Highway Speed Motorbike Racing
City Driving Stunt Simulator
Muscle Run
GCR ( Girls Car Racing )
Hill Racing PvP
Traffic Rider : Multiplayer
Mini Motor Racing WRT
Mad Truck - Hill Climb Racing
Traffic: Illegal Road Racing 5
4x4 SUVs Russian Off-Road 2
SBK14 Official Mobile Game
Tokyo Street Racing
Drift Zone
No Limit Drag Racing
El Chavo Kart
Stock Car Racing
Ultimate Moto RR 2 Free
Red Bull Racers
Go Kart Go! Ultra!
Driver Speedboat Paradise
Zombie Road Trip Trials
Racing Game - Traffic Rivals
4x4 Russian SUVs Off-Road
Chennai Auto Traffic Racer
Stunt Car Racing - Multiplayer
Road Fighter
Mini Motor WRT
L.A. Crime Stories Mad City
Underground Racing Rivals
Rally Racer Unlocked
Furious Fast Taxi Driver 2015
Top Gear : Race the Stig
Drift Mania: Street Outlaws LE
Duty Driver Bus LITE
Car Crash 2 Total Destruction
Horizon Chase - World Tour
PRO MX 2
Car Driving & Parking School
Car Overtaking
Side Lift King
Fast Motorcycle Driver 2016
Racers Vs Cops : Multiplayer
Car Eats Car:Apocalypse Racing
Top Gear: Stunt School SSR
Kids Car Racing game â€“ Beepzz
Fix My Car: Custom Mods LITE
Moto Extreme - Motor Rider
Real Race: Asphalt Road Racing
WeChat Speed
Voyage: Usa Roads
Rush N Krush
Underground Crew
Blocky Highway
Moto Fire
Great Drive Auto 5
Formula Racing 2016
Moto Shooter 3D
Speed Car Racing
Rally Racing 2015
Extreme Demolition
Race Day - Multiplayer Racing
Kart Racing Ultimate Free
Fast Bike Race 2016
Jet Car Stunts 2
Skiing Fred
Scribble Scram
Car Driver 2 (Hard Parking)
ë©”ì¹´ë“œ ë ˆì´ì‹±
Speed Traffic Racer
Ridge Racer Slipstream
Car Crash Simulator Racing
Real Gangster 1
Speed Racing Ultimate 2 Free
Keep It Safe racing game 1
Subway Bike Rush !
Offroad Track Simulator 4x4
Draw Rider
Real Muscle Car
Moto Racing
Touch Racing 2
Motorbike vs Police
Rig Racin'
Red Bull Kart Fighter 3
2XL Racing
Xtreme Wheels
Highway Crash Derby
Real Gangster 2
Bike Racing Games 2015
Thunder Stock Cars
Racing Car Driving Simulator
Car Simulator Racing Game
Need for Drift X
Taxi Driver
Race Of Champions
Mopar Drag N Brag
Drift Max City
Road Smash 2: Hot Pursuit
ãƒ‰ãƒªãƒ•ãƒˆã‚¹ãƒ”ãƒªãƒƒãƒ„
Need For Racer
Driftkhana Free Drift Lite
Traffic Nation: Street Drivers
Extreme Pro Car Simulator 2016
Freeway Police Pursuit Racing
Crazy Racing 2015
Death Rally
Parking Jam
Happy Race
Racing Games
Stock Car Racing
Extreme Turbo Racing Simulator
Moto Racer HD
Ultimate R1 Free
Need for Speedâ„¢ Network
Boost 2 Lite
Free Car Driving
Party Bus Driver 2015
Off road Mania
Traffic Racing Car
LightBike 2
Car Race by Fun Games For Free
Extreme City Driving Simulator
Mountain Climb Racing : 4x4
Smash Police Car - Outlaw Run
Speed Bike Racing
Furious Racing Tribute
Earn to Die
Extreme Car Driving PRO 2015
Fast Outlaw: Asphalt Surfers
Stickman Downhill Monstertruck
Thunder City Car Racing
Rally Drive Simulator
Dua Xe Dia Hinh
Bike Racing Games
AR.FreeFlight 2.4.10
Highway Rally: Fast Car Racing
Mountain Up Hill Climb Race
Parking Mania
Absolute RC Simulator
Hill Racing: Christmas Special
VS. Racing 2
Hot Rod Racers
Taxi Drift
Monster Truck: Extreme
4x4 Mountain Racer
Drift Girls
Fun Kid Racing - Safari Cars
Garfield Kart Fast & Furry
Reckless Racing Lite
Moto Rivals
Race, Stunt, Fight, Lite!
BIKE RACING 2014
Mad Skills Motocross
Police Car Racer
Mad Moto Racing: Stunt Bike
Extreme Racing SUV Simulator
Fun Kid Racing - Jungle Cars
Tractor Mania
Park It Tuk Tuk Taxi Simulator
ë‹¤í•¨ê»˜ ì°¨ì°¨ì°¨2
Mob Taxi
Sushi Bar
Racing Cars
MiniDrivers
Ultimate Moto RR Free
Drifting BMW Car Drift Racing
Race, Stunt, Fight, 2!  FREE
Motocross Mayhem
Buggy Bandit Quad Bike Racing
Wheelie Bike
Burnin' Rubber Crash n' Burn
ATV Quad Bike Racing Mania
Racing Saga
Hill Climb Truck Racing
Car Racing
Death Road
Bank Robber: Getaway Driver
Sports Car Challenge 2
Sports Car Challenge
SnowMobile Parking Adventure
Real Gangster Middle East
4x4 Hill Touring Car
Real Gangster 4
MOTO RACER 2015
Traffic Racer : Burnout
Classic Car Racing
Car Run
Jet Car Stunts Lite
MotoCross Race - SuperBike
4x4 Off-Road Desert ATV
Crazy Racing
SUV Police Car Simulator
Driving Games
Slot Racing
Drift Car Racing
Need for Car Racing Real Speed
Neon Climb Race
Remote Control Mini Car Racer
Mcqueen Builder
Motor Gp Super Bike Race
Speedway Masters Lite
Motorbike Racing - Moto Racer
Speed Racing Extended Free
Snow Car Racing
GnarBike Trials
RallyCross Ultimate Free
Pool Online
Extreme Traffic Motorbike Pro
Devil Ninja
Offroad Racing Games
Turbo Night Racer
Custom Car Drift Import Racing
Hill Racing: Endless Climb
Mountain Racer Hill Climb Free
BMX STUNTS
Racing Ultimate Free
4x4 Off-Road Ambulance Game
4x4 Racing Games
I Hate Zombies â„¢
Police Driver Death Race
Crazy Traffic
Rally Point 4
Sports racing car
ULTIMATE RACING CHAMPIONSHIP
Jumping Horses Champions
AE Master Moto
Race 2 Free
High Speed Track Racing
Frantic Race Free
American Traffic Racer
Stick Stunt Biker Free
Star War
Neon Motocross +
Traffic Police
Dirt Bike
Penguin Run
City Trial Motorbike
Blocky Traffic Racer
Kids Car Racers
Super Battle Racers
Evil Rider
Protoxide: Death Race
Hill Climb Racer Dirt Masters
Police Traffic Racer
Extreme Droid Jump
Fun Monster Truck Race 2
Parking Truck Deluxe
Minicar Champion: Circuit Race
Crash race
Robot Academy
Absolute RC Boat Sim
4x4 Racing Dubai: Multiplayer
Mad Cop3 Police Car Race Drift
King of Steering
ATV Racing Game
Death Racing 2: Desert
Go!Go!Go!:Racer
Jogos de Corrida
free Retro Stunt Car Parking
Need for Speed Most Wanted
Taxi Driver 2
Flip Riders
StickMan BMX Stunts Bike
Street Skating
Quad Bike Race Desert Offroad
Police Dog Chase: Crime City
Parking Truck
Go Karts - Extreme Racing Game
Burn Out Drag Racing
Police Bus Criminal Transport
Race Horses Champions Free
Ace Track Legend
Toy Truck Rally 2
Mad smash cop - hill racer
Classic Off-Road Challenge
MineCR Minecart Race
Top Superbikes Racing Game
Racing Moto 2015
Car Transporter Parking Game
Retro Future Racing
Drift Club Racing
Violent Moto
Crazy Moto Racing 2
Death Moto
Rallycross
Rush Racingï¼šThe Best Racer
Drag Racer GT
Motocross Trial - Xtreme Bike
Winter Hill Climb Truck Racing
Pro MX Motocross
Death Drive
Motorbike Lite
Road Trip - Car vs Cars
Chundos + turbo Lite
Traffic Racer Motor
Jurassic Race
Donkey Jump
Cross Cars Racing
Mountain Climb Race 3
Perfect Parking
Caveman Run
Ambulance Driving Simulation
Free Racer
Mountain Climb Racer
Dirt Road Truck
Super race
AirRace SkyBox Free
Street Racing
Truck Racing Game
Frozen Highway Bike Rider VR
My Car Salon
Speed Night Highway MOTO
Monster truck Game Rage Truck
rally racing car rival
Bad Roads 2
Scribble Santa
Zombie City2 (Boss)
Voyage 3: Outlaw
Zombie Highway: Driver's Ed
all terrain racing game
Army Truck Driver
Creature Racer
Forest Runner
Extreme Forklifting
Final Freeway (Ad Edition)
Pretty Pet Tycoon
Baja Trophy Truck Racing
Free bike game MOTOPro
Bad Roads
Parking School
Racing Moto: Speed Running
Free Police Chase Simulation
Car Driving: Traffic II
Santa Rider - Racing Game
City Motor Scooter Parking
Bumper Car Destruction
Moto Racer 15th Anniversary
Reckless Getaway Free
Free car game - GTSpeed
ATV Extreme Winter Free
The Racing Deluxe
Car Driving Simulator GT
Pool King
Transporters
Feed Me
Light Racer
Pizza Bike Delivery Boy
Tiny Little Racing Demo
USA Driving Simulator
Classic Italian Car Racing
Real Drift Car Racing
Taxi Gone Crazy
Real Drift King - Hajwalah Car
Cube Runner
Dead Rider
Street Driving
Dust: Offroad Racing
Crazy Grandpa 2
Girl Fart
Drive Motors
Down the hill
Car Club:Tuning Storm
BMX Crazy Bike 2
Racing Game
Alpine Boarder Lite
UAZ 4x4 Offroad Simulator 2 HD
Best Racing/moto Games Ranking
Fruit Master
Tractor: Farm Driver
Car Racing Desert
ìµœê°•í­ì£¼ì „ì„¤ for Kakao
Sled Mayhem Free
SpeeD Drive Traffic Rush
Motor World Car Factory
Head To Head Racing
Turbo Grannies FREE
Muscle car trial Lite
Helicopter Pilot Free
Thumb Car Racing
eXtreme MotoCross Free
Epic Truck Lite
Monster Truck Mayhem
Forklift Challenge
Cat Escape
Running Fighter
Offroader2
Race Horses Champions 2
SouzaSim - Moped Edition
Crash and Burn Racing
Drift & Speed: Need For Race
Drifting Lada Car Drift Racing
Gold Racing
Riptide GP2
ãƒãƒˆãƒ«ãƒ¬ãƒ¼ã‚¹GP ONE WAY RACING!
Car Drive AT
Car Simulator Street Traffic
Airborne Driver
Desert Joyride
Motorsport Manager
Beam DE 2.1 : Car Crash (free)
City Traffic Racing
Drift X ARENA
Thumb Motorbike Racing
Bear Race
City Truck Cargo
Traffic Racecar Driver
Mountain Offroad Truck Racer
FIRE TRUCK PARKING HD
Drive Car
Stunt Driver
REAL 4WD OFF-ROAD RUSH
Colin McRae Rally
Pocket 4WD
Mini Motor Racing
ECU=SHOP Drag Game
Geometry Race
Running Man
Bike Race Pro by T. F. Games
Reckless Racing 3
Super Unicycle
Drift For Fun
Bike Mayhem Mountain Racing
Hotblood Drift
Music Ride 2
çˆ†èµ°å››é©…-è»ŠéšŠçˆ­éœ¸
Russian Rider
Red Bull Car Park Drift
Hill Speed Racer
Trial Bike Extreme 3D Free
cargo train car transporter 3D
Motor Bike Real Simulator 3D
18 Wheels Truck Driver 3D
Crazy Car Roof Jumping 3D
TAXI KING 3D
London City Bus Driving 3D
Car Parking 3D: Offroad Trucks
Cars And Guns 3D FREE
3D City driving - Bus Parking
Drift Parking 3D
Rally Racer 3D
Highway Impossible 3D Race
Temple Fun 3D
RealParking3D Parking Games
3D Taxi
Crazy Jet Ski King 3D
Drift Racing 3D
Steampunk Racing 3D
Limousine City Parking 3D
Crazy School Bus Driver 3D
Crazy Bus Simulator 3D
Parking 3D - Army parking war
Dream Bike Turbo Sprint 3D
Åahin 3D
Dirt Bike 3D Racing
Car games: Racing 3D
Extreme Sport Car Simulator 3D
3D Street Racing 2
Ultra Police Hot Pursuit 3D
Truck Driver Highway Race 3D
Free 3D Police Car Parking
Airport Taxi Parking Drive 3D
Free Bike Driving School 3D
SUV Drive 3D 4x4
3D Platform Climb Racing
Cops vs. Mafia 4x4 3D
Grand Race Simulator 3D
Police Car Driver Simulator 3D
Ultra 3D airport car parking
Crazy Run 3D
Crazy Moto Parking King 3D
Cargo Ship Car Transporter 3D
Cars Parking 3D Simulator
Crazy Parking Truck King 3D
Arab Village Parking King 3D
Rally Race 3D : Africa 4x4
Heavy dump truck 3D parking
Taxi Driver 3D Cab parking
4x4 Offroad Desert 3D
Monster Truck Driver 3D
Truck Park 3D
Roadbuses - Bus Simulator 3D
Fire Truck 3D
Vehicle Parking 3D
Armored Car Death Race 3D
Fire Truck Parking 3D
Darts 3D Pro
Drive with Zombies 3D
Skyball Lite (3D Racing game)
3D Monster Truck Driving
Light Racer 3D
Turbo moto 3D
Ultra 3D police Car parking
Race Pilot 3D
Police Chase 3D
Police car parking 3D HD
Stunt Car Driving 3D
Real Truck Drive Simulator 3D
Big Red Truck: 3D Driving Sim
STUNTMAN 3D
Bus Driving 3D Simulator
Truck Cargo Off-Road 3D
Drag Racing 3D
å¤©å ‚æˆ°è¨˜-2016å…¨çƒåŒæœ æ—¥ç³»3D ARPG å¼·å‹¢ä¾†è¥²
Heroes and Titans 3D
ThiÃªn Long BÃ¡t Bá»™ 3D
Avakin - 3D Avatar Creator
3D MMO Celtic Heroes
Tuyá»‡t Äáº¡i Song KiÃªu 3D
Minimon 3D
Vendetta Online (3D Space MMO)
RPG Elemental Knights(3D MMO)
é¬¼æ­¦å‚³-è¶…è¶Š3Dçš„æ ¼é¬¥è¡Œå‹•éŠæˆ²
â˜… 3D MO RPG Heaven Sword II  â˜…
8 à¹€à¸—à¸à¸­à¸ªà¸¹à¸£à¸¡à¸±à¸‡à¸à¸£à¸Ÿà¹‰à¸²-3D
Ravensword: Shadowlands 3d RPG
Flight Pilot Simulator 3D Free
WorldCraft : 3D Build & Craft
Truck Simulator 3D
Extreme Car Stunts 3D
Flight Simulator: Fly Plane 3D
Truck Speed Driving 3D
City Car Stunts 3D
Bus Simulator 3D
Fast Motorcycle Driver 3D
Gun Camera 3D
3D Airplane Flight Simulator
Speed Parking 3D
Truck Simulator 3D
Car 3D Parking
Airplane Pilot Simulator 3D
Modern Taxi Driving 3D
Flight Simulator Airplane 3D
Extreme Motorbike Jump 3D
Flying Muscle Car Simulator 3D
Farm Tractor Simulator 3D
City Helicopter Game 3D
Car Parking 3D
Driving School 3D Parking
3D Car transport trailer truck
Sea Plane: Flight Simulator 3D
Multi-storey Car Parking 3D
Streets of Crime: Car thief 3D
Bus Driver 3D
Schoolbus Driving 3D Simulator
Traffic Car Driving 3D
Ambulance Parking 3D Extended
Truck Parking 3D
Taxi Driver 3D : Hill Station
Shark Attack 3D Simulator
Border Police Adventure Sim 3D
Bus Driver 3D Simulator
Truck Driver 3D
Motocross Beach Jumping 3D
Bus Parking 3D
Truck Driving Simulator 3D
Helidroid 3D : Helicopter RC
Police Dog Simulator 3D
Schoolbus Driver 3D SIM
Car Parking Game 3D
Traffic Cop Simulator 3D
City Bus Driving Mania 3D
Bus Driver 3D
Surgery Simulator 3D
Police Moto Bike Simulator 3D
CHAOS Combat Helicopter 3D
Wild Cheetah Sim 3D
Ambulance Simulator 3D
Car Wars 3D: Demolition Mania
LA GANGWAR SIMULATOR 3D
Wild Cougar Sim 3D
Offroad Bike Race 3D
Taxi Driver 3D
Bus Speed Driving 3D
Real Car Parking 3D
Modified & Drift 3D
Wild Eagle Sim 3D
Mount Helicopter Warfare 3D
Bullet Train Subway Station 3D
Classic car simulation 3D
Hawk Drift Game 3D
Angry Shark 3D Simulator Game
3D Drone Flight Simulator Game
Hologram 3D keyboard simulator
Navy Battleship Attack 3D
Vila do Chaves 3D
Wild Lion Simulator 3D
Firefighter 3D: The City Hero
Car Parking 3D - Police Cars
Wild Wolf Simulator 3D
Car Parking Simulator 3D
Tyrannosaurus Rex Sim 3D
Airport 3D Flight Simulator
Drift 3D Modified American Car
Ambulance Rescue Simulator 3D
Truck Driver 3D: Extreme Roads
Tractor Simulator 3D
Wild Crocodile Simulator 3D
Car Driving 3D
3D Car Transport Trailer Free
Sand Excavator Simulator 3D
Furious Car Driver 3D
Police Motorbike Simulator 3D
Angry Anaconda Attack 3D
Flight Simulator: RC Plane 3D
Army Extreme Car Driving 3D
Skater 3d Simulator
Car Transporter 3D Truck Sim
City Car Parking 3D
3D Duty Taxi Driver Game
Crazy Cat vs. Mouse 3D
Simulator Laser 3D Joke
Horse Simulator 3D
Flight Sim: Transport Plane 3D
Helicopter RC Simulator 3D
Monster Truck Speed Stunts 3D
Russian city of crime 3D
Cruise Ship 3D Simulator
Car Simulator 3D 2014
Limo Driving 3D Simulator
City Bike Race Stunts 3D
Modern Taxi Duty Driving 3D
Farm Truck 3D: Hay
Car Simulator 3D
Extreme Bike Stunts 3D
Furious 3D Ambulance Race 2015
Flight Simulator : Fly 3D
Car Game 3D
skatepark rc racing cars 3D
3D Car Tuning Park Simulator
Firefighter Simulator 3D
911 Rescue Fire Truck 3D Sim
City Driving School 3D
Wild Fox Sim 3D
Tiger Adventure 3D Simulator
City construction simulator 3D
Real Bus Driving Simulator 3D
Car Parking 3D
Wild Tiger Simulator 3D
Legend Truck Simulator 3D
Construction Truck 3D
City Bus Driving 3D Simulator
Combat helicopter 3D flight
Car Parking 3D 2
Winter Road Trucker 3D
Loader 3D
3D Plane Flight Fly Simulator
Modern Bus Driver 3D
Hologram 3D Prank Simulator
Driving Simulator 3D
Luxury Car Driving 3D
Tractor Sand Transporter 3D
Speed Car Escape 3D
Cargo Transport Driver 3D
Taxi Driver 3d Simulator
Dinosaur Simulator 3D
Gangster of Crime Town 3D
Snow Blower Truck Simulator 3D
Car Parking 3D
Army Cargo Trucks Parking 3D
City Biker 3D
Extreme Motorbike Racer 3D
Excavator Snow Loader Truck 3D
4x4 Hill Climb Driver 3D Free
Hologram 3D Cat Simulator
Police Car Drift 3D
Hologram Fred 3D Simulator
Sniper Camera Gun 3D
Crazy Driver Ambulance Duty 3D
3D Boat Parking Simulator Game
City 3D Duty Taxi Driver
Learn To Drive: Car Parking 3D
Extreme Motorbike Driving 3D
Village Farmer Simulator 3D
3D Police Car Parking
Crazy Police Car Driver 3D
City Garbage Truck Driver 3D
Subway Train Simulator 3D
Horse Simulator 3D
Angry Shark Revenge 3D
3D Tractor Simulator Farm Game
Hologram Keyboard 3D Simulator
Tractor Simulator 3D: Hay
Fire Truck Emergency Rescue 3D
Snake Attack 3D Simulator
Snow Cargo Jet Landing 3D
Hill Offroad SUV 3D
Muscle Car Simulator 3D 2014
911 Rescue Simulator 3D
Crazy Shark 3D Sim
Extreme Forklift Challenge 3D
Night Garage Car Parking 3D
Snowmobile Rescue Missions 3D
Real Shark Simulator 3D
Firefighter Truck Simulator 3D
Bomber Plane Simulator 3D
4x4 Offroad Hill Climb 3D
4x4 Hill Climb Truck 3D
Car Parking 3D: City Drive
Aeroplane Parking 3D
4x4 Offroad Driver 3D
Helicopter Game 3D
Fire Truck parking 3D
Oil Truck Transporter 3D
Truck Parking 3D
Tractor Parking 3D
Police Parking 3D Extended
Airport 3D airplane parking
Real Trucker LM 3D
Fly Airplane F18 Fighters 3D
Police 3D Car Parking
Airport Emergency Rescue 3D
Crane Simulator 3D
Truck Challenge 3D
Tractor Simulator 3D: Silage
Truck Parking 3D
Plane Parking 3D
Helidroid 1 : 3D RC Helicopter
Perfect Car Parking 3D
3D Truck Parking Simulator
Construction Trucker 3D Sim
Truck Simulator 2014 3D
Lion Simulator 3D Adventure
Funky Parking 3D
Crane Driving 3D Free Game
Car Transporter Cargo Plane 3D
FLIGHT SIMULATOR: War Plane 3D
Bus Simulator 3D
Dino Hologram Camera 3D
War Trucker 3D
Helidroid Battle: 3D RC Copter
Tractor Simulator 3D: Slurry
3DWeapons
Taxi Driver Mania 3D Simulator
Offroad Atv Simulator 3D
Truck Simulator 3D
Tractor Simulator 3D: Harvest
Heavy Excavator 3D Simulator 2
Truck Parking 3D Simulator
Bus winter parking - 3D game
3D Truck Parking
Bulldozer Driving 3D
Car Simulator 3D 2015
Classic Car Parking 3D
TrafficVille 3D
3D Limo Parking Simulator Game
School Bus Driver 3D Simulator
Airport Bus Simulator 3D
Sniper Shooter Free - Fun Game
Gun Shoot War
Shoot Warï¼šProfessional Striker
Clear Vision 3 -Sniper Shooter
Commando Adventure Shooting
Death Shooter 2:Zombie killer
Shoot Warï¼šGun Fire Defense
Range Shooter
Gun Strike Shoot
Ramboat: Shoot and Dash
Alien Shooter Free
Zombie Call: Trigger Shooter
LOSTGUNS - 2D Online Shooter
Zombie Shooter
Dead Invaders: FPS War Shooter
Frontline Shootout Battle
Sniper Arena - online shooter!
Shooter Sniper CS - FPS Games
Modern Army Sniper Shooter
Stick Squad 3 - Modern Shooter
Deer Hunting - Sniper Shooting
Pixel War: Multiplayer Shooter
Army Shooting Games
Dead Earth: Sci-fi FPS Shooter
Terrorist Sniper Shooter Free
Lone Army Sniper Shooter
Island Sniper Shooting
Shoot Girl's Fruits : Gulel
Squad Strike WS : Free Shooter
Masked Shooters - Online FPS
Sniper Shooting : Multiplayer
Stick Squad 2 - Shooting Elite
Alien Shooter - Lost City
Western Mini Shooter
Fruit Shoot
Bubble Shooter
Squadron - Bullet Hell Shooter
Shooting Expert 2
Bubble Shooter
Fruit Shoot
Sniper Shoot Fire War
Shoot Strike War Fire
SpeedBoat Shooting
Space Bubble Shooter
Mafia Game - Mafia Shootout
Shooting club 2: Sniper
Lost Bubble - Bubble Shooter
Shooty Skies - Arcade Flyer
Fantashooting
Bubble Shooter
Dark Reaper Shoots!
Shoot The Zombirds
Bubble Shooter King2
Zombie Death Shooter
Bubble Shooter Birds
Shooter Sniper Shooting Games
Sherwood Shooter - Apple Shoot
Shooter
Pool 8 Ball Shooter
Bubble Bust! HD Bubble Shooter
Shooting Showdown
Pro Shooter : Sniper
Pro Shooter : Sniper PREMIUM
Chhota Bheem-Shoot the Leyaks
Shoot the Car - Free Gun Game
Hopeless: Space Shooting
Shooting club
Shooting Expert
ZombieShoot
Bubble Shooter Friends
(HD) Ocean Bubble Shooter
Rage Wars - Meme Shooter
A Space Shooter For Free
Bubble Shooter City
Shoot Many Robots
Talking Tom Bubble Shooter
Angry Birds POP Bubble Shooter
Bubble Shooter
Bubble Shooter Classic
Bubble Shooter
Bottle Shoot
Bubble Shooter
Bubble Shooter
Bubble Shooter Treasure
Princess Prom Photoshoot
Bee Bubble Shooter
Bubble Shoot
Bubble Shooter Galaxy
Candy Shoot
Bubble Shoot Pet
Bubble Shoot
Bubble Shooter King
Bubble Shooter
Bubble Bust! - Bubble Shooter
Fruits Shooter
Marble Shoot
Shoot Bubble
Bubble Shoot Royal Deluxe
Bubble Shooter Candy Dash
Pool Billiard Shoot
Bubble Shoot
Dead Call Shooter Duty Trigger
Shoot Bubble Deluxe
Bubble Shooter
Bunny Shooter Best Free Game
NR Shooterâ„¢ - Bubble Shooting
Bubble Shooter
Shoot the Apple
Egg Shoot
Magnetic balls bubble shoot
Bubble Pirates :Bubble Shooter
Bubble Shooter
Shoot Egg Ban trung Báº¯n trá»©ng
Bubble Shoot Legend
Bunny Shooter Christmas
Bubble Shoot
Shoot the Apple 2
Bubble Shooter
Bubble Fins - Bubble Shooter
Bubble Shoot
Dragon Heroes: Shooter RPG
Shooting Pang (RPG)
Extreme Shooting Adventure
Flick Shoot 2
Flick Shoot (Soccer Football)
Basketball Shoot
World Cup Penalty Shootout
bottle shoot game
Penalty ShootOut football game
Flick Shoot US: Multiplayer
Flick Shoot UK
PenaltyShooters Football Games
Penalty Shootout Soccer Game
Crossbow Shooting deluxe
Hockey Nations: Shoot-out
Crossbow Shooting
Football Shoot World Cup 2014
(HD)Puzzle Bubble Shooter
8 Ball Pool
FIFA 15 Ultimate Team
Pool Billiards Pro
Dream League Soccer
Top Eleven Be a Soccer Manager
Dream League Soccer 2016
Score! Hero
Basketball Stars
Bowling King
EA SPORTS UFCÂ®
Real Basketball
New Star Soccer
World Soccer League
Soccer Stars
Head Soccer
Real Football 2012
Score! World Goals
Fishing Hook
Ace Fishing: Wild Catch
Madden NFL Mobile
Online Soccer Manager (OSM)
First Touch Soccer 2015
Head Soccer LaLiga 2016
EA SPORTSâ„¢ FIFA 16 Companion
Ultimate Soccer - Football
Real Football 2013
CartolaFC
Kite Fighting
FIFA 16
Soccer 2016
Stickman Soccer 2014
9 Innings: 2016 Pro Baseball
Futsal Football 2
The king of Pool billiards
Soccer 2016
Perfect Kick
PES CLUB MANAGER
Touchgrind BMX
Final kick
Real Boxing
Punch Hero
Real Cricket â„¢ 16
Stickman Soccer
Golf Starâ„¢
Basketball Mania
Stickman Basketball
Mike V: Skateboard Party Lite
Fanatical Football
PES COLLECTION
World Cricket Championship  Lt
Soccer Kicks (Football)
Super Soccer Champs FREE
iStunt 2
Fists For Fighting (Fx3)
World Soccer Games 2014 Cup
Fishing Superstars : Season4
BIG WIN Basketball
Pro Pool 2015
Archery Tournament
Play Tennis
Skateboard Free
PBAÂ® Bowling Challenge
WWE SuperCard
EAGLE NEST - Sniper training
Roller Ball
Stickman Cliff Diving
Play Real Football 2015 Game
i Fishing Lite
Pool Live Tour
Homerun Battle 2
Stadium Horn
Football Kicks
Wrestling Revolution
Online Head Ball
Basketball Shot
Cricket WorldCup Fever
Air Hockey Deluxe
Roll Spike Sepak Takraw
Puppet Soccer 2014 - Football
Baseball SuperstarsÂ® 2013
Stick Cricket
TAP SPORTS BASEBALL 2016
ë§ˆêµ¬ë§ˆêµ¬2015 for Kakao
World Cricket Championship 2
Bike Mania Racing
Pro Snooker 2015
Football 2016-2025
Drag Toilet Paper
BIG WIN Soccer (football)
Extreme Skater
Virtual Table Tennis
Striker Soccer London
Basketball Battle
FIFA ONLINE 3 M by EA SPORTSâ„¢
Stick Tennis
Soccer Star 2016 World Legend
Super Stickman Golf 2
Striker Soccer Euro 2012
BIG WIN Racing
Soccer Football World Cup
Touchgrind Skate 2
å…¨æ°‘é‹å‹•æœƒ
Flick Home Run! baseball game
Real Table Tennis
Absolute RC Heli Sim
Plumber Crack
Baseball SuperstarsÂ® 2012
Skeet Shooting 3D
Stickman Games : Summer (Free)
Total Snooker Free
Futsal Football 2015
Stickman Tennis
ì°¨êµ¬ì°¨êµ¬ for Kakao
Soccer 2016
MLB PERFECT INNING 16
Downhill Xtreme
Stick Cricket Premier League
Pro Darts 2014
Blocky Football
Fingerboard HD Skateboarding
Stickman Ski Racer
Football 2016
Crazy Snowboard
Super Stickman Golf
Homerun Battle FREE
Guide for Dream League Soccer
Basketball Kings: Multiplayer
ì»´íˆ¬ìŠ¤í”„ë¡œì•¼êµ¬2016
ë§ˆêµ¬ë§ˆêµ¬2016 for Kakao
Ultimate Tennis
Table Tennis
Panini Sticker Album
Stickman Volleyball
i Fishing Saltwater Lite
Pack Opener for FUT 16
Smash Cricket
Football Players Fight Soccer
Winner Soccer Evo Elite
å…¨æ°‘æ‰“æ£’çƒ2015
Fingerboard: Skateboard
Golden Manager - Soccer
Ninja Rush
Air Hockey Speed
Cricket Unlimited 2016
FUT Pack Simulator
Bike Unchained
Puppet Soccer Champions 2015
Flick Kick Football Legends
Duck Hunter
Champ Man 16
Winner Soccer Evolution
WGT : World Golf Tour Game
Skateboard Party 2 Lite
Soccer Manager 2016
Weekend Warriors MMA
MyNBA2K16
Football Fever
ICC Pro Cricket  2015
Rapala Fishing - Daily Catch
Bouncy Basketball
Athletics2: Summer Sports Free
Real Boxing 2 ROCKY
Block Party Sports FREE
Ball-Hop Anniversary Edition
Real Soccer 2012
Philippine Slam!
ì—­ì „ ë§ì§±íƒêµ¬K for Kakao
Kickerinho
World T20 Cricket Champs 2016
Striker Soccer 2
Snowboard Party Lite
Stick Cricket 2
Flick Quarterback
UFB 2 - Ultra Fighting Bros
Gully Cricket Game - 2016
Jam League Basketball
Stickman Ice Hockey
MLB.com Home Run Derby 16
Football Real Gol
Power Cricket T20 Cup 2016
King of the Course Golf
Puppet Soccer Champions 2014
Booking Revolution (Wrestling)
Iron Tanks - Online Battle
Ice Rage: Hockey Free
Real Cricketâ„¢ Test Match
Basketball Showdown 2015
Soccer Players Quiz 2016
Football Quiz
World Truck Ball
Soccer Hero
Beach Cricket
Guess the football club!
Cricket World Cup Game
Real Madrid Fantasy Manager'16
Real Cricketâ„¢ Champions League
Project Parkour
Rival Stars Basketball
Drunken Wrestlers
UFB - Ultra Fighting Bros
Mini Golf: Retro
XField Paintball 2 Multiplayer
Play Football 2016
Football Kicks: Title Race
Fantasy Manager Football 2016
LINE Football League Manager
FreeStyle Baseball2
T20 Premier League Game 2013
Soccer Mania
NBA General Manager 2016
Golf Championship
All-Star Basketball
SUPER CRICKET 2
Soccer Striker 15
Be A Legend: Soccer
Puppet Ice Hockey: 2015 Czech
Mini Golf Stars 2
Ping Pong Masters
Football: logo puzzle quiz
Super Goalkeeper - Soccer Game
Soccer Maniacs Manager: Online
Motocross Racing Game
One For Eleven
Pool: 8 Ball Billiards Snooker
ArcherWorldCup - Archery game
2014 Penalty Cup
Slide Soccer Champion Edition
Carrera Cartoon
TAP SPORTS BASEBALL 2015
Stickman Football
Super Ski Jump - Winter Rush
World of pool billiards
WeFUT Squad Builder & Database
å®Ÿæ³ãƒ‘ãƒ¯ãƒ•ãƒ«ãƒ—ãƒ­é‡çƒ
Futsal Football 2015
ìŠˆí¼ìŠ¤íƒ€ í…Œë‹ˆìŠ¤ for Kakao
Soccer World Cup 2014
Foosball Cup World
T20 Cricket Game 2016
Ted Ginn: Kick Return Football
ã‚¹ãƒãƒ›ã§ã‚´ãƒ«ãƒ•ï¼ ãã‚‹ãã‚‹ã‚¤ãƒ¼ã‚°ãƒ« ã€ç„¡æ–™ã‚¹ãƒãƒ¼ãƒ„ã‚¢ãƒ—ãƒªã€‘
Pool Ball King
Ducati Challenge
Moto Racing GP 2015
Duck Life
Football Top Scorer
Stickman Tennis 2015
Ronaldinho Super Dash 2016
Football 2015: Real Soccer
Ball-Hop Bowling Classic
Street Cricket
Slam Dunk Basketball 2
Badminton Star
Volantines Mod
Mini Hockey Stars
FOOTBALL WC 2014- Soccer Stars
Police Dog Training
Total Football Manager
Pocket League Story 2
Howrse
íì—… for Kakao
World Cup Brazil Soccer 2014
Swipe Basketball 2
SoccerRally World Championship
EA SPORTSâ„¢ FIFA 16 Companion
Futebol Quiz Escudos
TAP SPORTS BASEBALL
Ace of Tennis
Pocket Fishing
BIG WIN Hockey
Boardtastic Skateboarding 2
True Skate
NBA All Net
Wingsuit - Proximity Project
Real Soccer 2013
Fishing Fishing: Set The Hook!
Striker Soccer Brazil
NBAå¤¢ä¹‹éšŠï¼šå…¨æ˜æ˜Ÿ-NBAå®˜æ–¹æ‰‹éŠ
Air Hockey Ultimate
BIG WIN Baseball
Cross Court Tennis 2
Baseball Kings !
All Star Quarterback
BMX Extreme - Bike Racing
Hunter underwater spearfishing
Ski Jump
Throwing Knife
Ping Pong Classic HD 2
MegaRamp Skate & BMX FREE
Rugby Nations 16
Volleyball Championship 2014
Fingers running track
TrueFish Lite
Spike Masters Volleyball
Baseball Hero
Basketball Showdown
Football 2015
Nazara Cricket
Billiards 3 ball 4 ball
Excite BigFishing Free
Clash of Clans
Clash Royale
Boom Beach
Plants vs. Zombies FREE
Castle Clash: Age of Legends
Clash of Kings
Game of War - Fire Age
Chess Free
aa
Last Empire-War Z
Lords Mobile
Mobile Strike
Castle Clash: ĞĞ¾Ğ²Ğ°Ñ Ğ­Ñ€Ğ°
Clash of Lords 2
King of Thieves
Megapolis
Five Nights at Freddy's 2 Demo
Throne Rush
Empire: Four Kingdoms
Bloons TD Battles
Deck Heroes: Legacy
Star Warsâ„¢: Commander
Alien Creeps TD
The Walking Dead No Man's Land
Toilet Time - A Bathroom Game
Jungle Heat: War of Clans
Heroes of Order & Chaos
World at Arms
Vikings: War of Clans
METAL SLUG DEFENSE
Forge of Empires
Invasion: Modern Empire
Nemo's Reef
Little Commander - WWII TD
King's Empire
Battle of Zombies: Clans MMO
Chess Live
Z War
Castle Defense
Castle Clash: Era de Leyendas
DomiNations
Tower DefenseÂ®
Stormfall: Rise of Balur
Unblock Car
Defender II
Spartan Wars: Blood and Fire
The Hobbit: Kingdoms
War of Nations: PvP Domination
Clash of Lords
Mini Warriors
Empires and Allies
Age of War
LEGOÂ® Creator Islands
Total Conquest
Iron Desert - Fire Storm
Warlings
Zombie Defense
Empire Z
Pro Cheat For Clash Of Clans
Vlogger Go Viral - Clicker
Samurai Siege: Alliance Wars
Battle Towers
1941 Frozen Front
Stick War: Legacy
ĞœĞµĞ³Ğ°Ğ¿Ğ¾Ğ»Ğ¸Ñ
Kingdoms & Lords
My Country
Fort Conquer
Gods Rush
Dawn of Steel
Age of Kings: Skyward Battle
Clash Chest Tracker
Dragons of Atlantis
Little Empire
Guns'n'Glory WW2
Empire:Rome Rising
Castle Clash: Ã„ra der Legenden
ff
Vainglory
Clash of Queens-COQ
Empire Defense II
Swap The Box
Guns'n'Glory FREE
Star Trek Timelines
Toy Defense 2 â€” TD Battles
2020: My Coun
Lair Defense: Dungeon
Castle Clash: Ãˆre des LÃ©gendes
Move it! Free - Block puzzle
ìˆ˜í˜¸ì§€ for Kakao
Toy Defense: Fantasy Tower
Clash of Lords 2: Ğ‘Ğ¸Ñ‚Ğ²Ğ° Ğ›ĞµĞ³ĞµĞ½Ğ´
Monster Castle
1944 Burning Bridges
Billionaire.
ì„¸ê³„ì •ë³µ2 for Kakao
ì†Œë…„ì‚¼êµ­ì§€
Crafting Guide for Minecraft
Kingdom Rush
Spartania: Casual Strategy
Tactile Wars
Castle Clash: A Era das Lendas
Dictator 2
Castle Clash: Era Legenda
Tentacle Wars â„¢
Ark of War
Warlings: Armageddon
clan tribe clash
Castle Clash: Era Leggendaria
åŸå ¡çˆ­éœ¸ - è‹±é›„è¦ºé†’
Call of Champions
ì›ŒìŠ¤í† ë¦¬ for Kakao
World Conqueror 3
Cloud Raiders
Castle Clash: Efsaneler Ã‡aÄŸÄ±
METAL SLUG ATTACK
Grepolis - Divine Strategy MMO
REDCON
Pocket Troops
Dungeon Keeper
March of Empires
Evolution: Battle for Utopia
ìš°íŒŒë£¨ì‚¬ê°€ for Kakao
Castle Clash: à¸¢à¸¸à¸„à¹à¸«à¹ˆà¸‡à¸•à¸³à¸™à¸²à¸™
Battle for the Galaxy
Age of Sparta
War and Order
Biotix: Phage Genesis
Siegefall
Royal Empire: Realm of War
Cat War2
RISK Big Screen Edition
Clash of Mafias
Defenders: TD Origins
Tribal Rivals
Castle clash : Ø£Ø³Ø§Ø·ÙŠØ± Ø§Ù„Ø¯Ù…Ø§Ø±
Wormix
Ocean Wars
League of War: Mercenaries
Defenders 2: Tower Defense CCG
Clash of Lords 2: EspaÃ±ol
Shadow Kings
1942 Pacific Front
Alliance Wars: Global Invasion
Doomsday Preppersâ„¢
Bid Wars - Storage Auctions
Heroes Tactics: War & Strategy
Temple Venture Run
Field Defense: Tower Evolution
VEGA Conflict
Bloons Monkey City
Army of Heroes
SW Battlefront Companion
Arrow Ambush
ä¸‰å›½å¤©æ­¦ï½æœ¬æ ¼æˆ¦ç•¥ãƒãƒˆãƒ«ï½ ä¸‰å›½å¿—ã‚¹ãƒˆãƒ©ãƒ†ã‚¸ãƒ¼
Fairy Kingdom: World of Magic
aa 2
åˆæˆ°ä¸‰åœ‹å¿—-é¾ã®è¦ºé†’
ICE
Bloons TD 5
Yu-Gi-Oh! BAM Pocket
Photo Recovery Workshop
Steampunk Defense
DomiNations Asia
Battle Islands
The Horus Heresy: Drop Assault
Might and Glory: Kingdom War
åˆ€å¡”å‚³å¥‡ - è¬äººæ±ºæˆ°é€±å¹´æ…¶
Battlefront Heroes
Clash of Lords 2: Clash Divin
Clash of Lords 2: Ehrenkampf
CastleStorm - Free to Siege
Empire War: Age of Epic Throne
Deck Heroes: Duell der Helden
Pocket Tanks
Battle Glory
ë§ˆí”¼ì•„42
Sandbox: Strategy & Tactics
European War 4: Napoleon
Alliance Wars:World Domination
Kingdom Wars
War Inc. - Modern World Combat
Rapture - World Conquest
Castle Clash: Äáº¿ Cháº¿ Anh HÃ¹ng
åŸã¨ãƒ‰ãƒ©ã‚´ãƒ³
Titan Empires
Total Domination - Reborn
Galaxy Defense (Tower Game)
Colonies vs Empire
Downtown Mafia (RPG) Mobsters
Hero Sky: Epic Guild Wars
Ğ”Ğ¸ĞºĞ¸Ğ¹ Ğ·Ğ°Ğ¿Ğ°Ğ´: ĞĞ¾Ğ²Ñ‹Ğµ Ğ·ĞµĞ¼Ğ»Ğ¸
Age of Lords: Legends & Rebels
Bad Eggs Online 2
Toy Defense - TD Strategy
Deck Heroes: Ğ’ĞµĞ»Ğ¸ĞºĞ°Ñ Ğ‘Ğ¸Ñ‚Ğ²Ğ°!
Raid of Dino
Tunnel Town
Greed for Glory: War Strategy
Robotek
A Little War
ë©”ê°€í´ë¦¬ìŠ¤ for Kakao
Plunder Pirates
King's Bounty: Legions
Battlepillars Multiplayer PVP
My Ice Cream Truck - Fun Game
Tribal Wars
Tribal Wars 2
Radiant Defense
Asylum Night Shift FREE
CLB: Protect The Flag
æˆ¦è‰¦å¸å›½-200è‰˜ã®å®Ÿåœ¨æˆ¦è‰¦ã‚’é›†ã‚ã‚
Star Wars Force Collection
Modern Command
í´ë˜ì‹œì˜¤ë¸Œíƒ±í¬ (ì „ì°¨ì œêµ­)
Defense Zone - Original
Clash of Three Kingdoms
Battle Command!
Castle Doombad Free-to-Slay
Sally's Salon Luxury Lite
Defense Zone 2 HD Lite
Age of Civilizations Lite
ASTRONEST - The Beginning
Battle Monkeys Multiplayer
Ğ—ĞµĞ¼Ğ»Ğ¸ Ğ”Ñ€Ğ°ĞºĞ¾Ğ½Ğ¾Ğ²
War of Tanks
Evil Defenders
Lords & Knights - Strategy MMO
Global Defense: Zombie War
Heroes of War: Orcs vs Knights
Little Commander WW2 Halloween
Global Assault
Little Commander 2
Infection Bio War Free
Castle Clashï¼šãƒ’ãƒ¼ãƒ­ãƒ¼é€²åŒ–
Galaxy Defense
War of Warship:Pacific War
Hello Kitty Beauty Salon
My Pizza Shop - Pizzeria Game
Castle Clash: ì „ì„¤ì˜ ì‹œëŒ€
Mushroom Wars
Castle Defense 2
Dino Quest - Dinosaur Dig Game
Qua SÃ´ng IQ
Jurassic World - Evolution
Clash of Heroes
World Conqueror 2
Soldiers of Glory: Modern War
Galaxy at War Online
From Farm to City: Dynasty
Tyrant Unleashed
Glory of Generals HD
Iron Commander
Miragine War
Island Raiders: War of Legends
Angry Cats
Mushroom Wars: Space!
Celtic Tribes - Building MMOG
War Games - Allies in War
Space STG 3 - Galactic Empire
åˆ»ã®ã‚¤ã‚·ãƒ¥ã‚¿ãƒªã‚¢
Kingdom Rush Frontiers
Kingdoms of Camelot: Battle
Empire VS Orcs
Imperia Online Medieval Game
Worms 2: Armageddon
Mission Of Crisis
Thá»i Loáº¡n - Game Vui Hay Nháº¥t
Rise Wars (strategy & risk)
French British Wars
Medieval Wars:Strategy&Tactics
Flappy Doge
Galaxy Empire
Warhammer 40,000: Space Wolf
ĞĞµĞ±Ğ¾ÑĞºÑ€ĞµĞ±Ñ‹- ÑĞºĞ¾Ğ½Ğ¾Ğ¼Ğ¸Ñ‡ĞµÑĞºĞ°Ñ Ğ¸Ğ³Ñ€Ğ°
Nun Attack
Throne Wars
Green the Planet
çœŸä¸‰åœ‹å¤§æˆ°-ä¸€ç•ªæ­¦å°‡è·¨æœå¤§æˆ°
Kitty Cat Clicker - The Game
Epic Defense 2 - Wind Spells
The Onion Knights
æ¢…éœ²å¯ç‰©èª ç™’è¡“å£«èˆ‡éˆ´ä¹‹æ—‹å¾‹
Anno: Build an Empire
Lair Defense: Shrine
Ğ˜Ğ³Ñ€Ğ° ĞšĞ¾Ñ€Ğ¾Ğ»ĞµĞ¹ - ĞœĞœĞ Ğ¡Ñ‚Ñ€Ğ°Ñ‚ĞµĞ³Ğ¸Ñ
Epic Defense â€“ the Elements
Arcane Battlegrounds
Glory Wings
Cake Mania - Main Street Lite
Ğ¢Ğ°Ğ½ĞºĞ¸
Free Heroes 2
sn
Citadels
Clash of Lords 2: Italiano
rr
Modern Islands Defense
Red Warfare: Let's Fire!
Virtual CityÂ®
Candy Crush Saga
My Talking Tom
My Talking Angela
Pou
Despicable Me
Hay Day
Farm Heroes Saga
Candy Crush Soda Saga
Pet Rescue Saga
Plants vs. Zombies 2
The Simpsonsâ„¢:  Tapped Out
Bubble Witch 2 Saga
Dumb Ways to Die
Voice changer with effects
Dumb Ways to Die 2: The Games
LINE Let's Get Rich
Ice Age Village
Angry Birds Star Wars II Free
Burger
Angry Birds 2
Township
Paper Toss
Jewels Star
Mandala Coloring Pages
Fake Call 2
FarmVille 2: Country Escape
Blossom Blast Saga
Dragon Mania Legends
Fishdom: Deep Dive
Hello Kitty Nail Salon
YooB Games
Best Fiends - Puzzle Adventure
My Horse
Minions Paradiseâ„¢
Family Farm Seaside
Talking Tom Jetski
Covet Fashion - Dress Up Game
Pirate Kings
Cooking Ice Cream Cone Cupcake
MY LITTLE PONY
Looney Tunes Dash!
Moy 4 ğŸ™ Virtual Pet Game
Diamond Digger Saga
Stickman Warriors
Paradise Bay
Papa Pear Saga
COOKING DASH 2016
Follow the Line 2D Deluxe
Little Big City
Smurfs' Village
Roll Balls into a hole
Green Farm 3
Littlest Pet Shop
Newborn Twins Baby Care
Farm Town:Happy City Day Story
Pregnant Emergency Doctor
My Dolphin Show
Surprise Eggs
Doctor Kids
Let's Create! Pottery Lite
World Chef
Virtual Families 2
ë‹¤í•¨ê»˜ ííí for Kakao
Fruit Bump
Escaping the Prison
What if..
Jelly Splash
The Simpsonsâ„¢: Tapped Out
Furby BOOM!
Plants vs. Zombiesâ„¢ 2
My Boo - Your Virtual Pet Game
Toca Kitchen 2
LEGOÂ® Juniors Create & Cruise
COOKING MAMA Let's Cookï¼
çŸ¥è­˜ç‹
Jungle Animal Hair Salon
Peppa Pig: Paintbox
Princess Salon
LEGOÂ® DUPLOÂ® Train
Kids game: baby phone
Baby Panda Care
Kids Animals Jigsaw Puzzles
Snow Cone Maker - Frozen Foods
Sweet Baby Girl Daycare & Bath
Make-Up Me: Superstar
Eyes Makeup Salon - kids games
Multiplication Table Kids Math
ABC Learning letters toddlers
Disney Junior Play
Beauty Hair Salon: Fashion SPA
Princess Salon 2
Sweet Baby Girl - Dream House
Fixies The Masters
LEGOÂ® DUPLOÂ® Food
Sweet Baby Girl Beauty Salon
Monster Hair Salon
LEGOÂ® DUPLOÂ® Ice Cream
LEGOÂ® DUPLOÂ® Circus
Sweet Baby Girl Cleanup 4
Fashion Doll Hair SPA
Candy Crush Jelly Saga
Cut the Rope FULL FREE
Flow Free
Where's My Water? 2
Brain It On! - Physics Puzzles
Cut the Rope 2
Frozen Free Fall
Where's My Water? Free
Bad Piggies
Word search
Marble Legend
Unblock Me FREE
Paperama
The Moron Test
Roll the Ballâ„¢ - slide puzzle
Jelly Blast
2048 Number puzzle game
Pirate Treasures
Tebak Gambar
Panda Pop
LINEï¼šãƒ‡ã‚£ã‚ºãƒ‹ãƒ¼ ãƒ„ãƒ ãƒ„ãƒ 
LINE Pokopang
Gummy Drop!
Cut the Rope: Time Travel
Troll Face Quest Video Memes
Can You Escape
LINE: Disney Tsum Tsum
ì• ë‹ˆíŒ¡2 for Kakao
Cookie Jam
Juice Jam
LINE Bubble 2
Inside Out Thought Bubbles
Bad Piggies HD
Escape Titanic
ìº”ë””íŒ¡ for Kakao
Brain Dots
Every Game Season 2 for Kakao
ç¥é­”ä¹‹å¡”
Angry Birds Fight! RPG Puzzle
CSI: Hidden Crimes
Toy Blast
Matches Puzzle Game
Tic Tac Toe
2048
Crazy Kitchen
Indy Cat for VK
Bubble Blast 2
Jigty Jigsaw Puzzles
Brain Wars
Portal Teletransport Minecraft
Mouse
Cut the Rope: Magic
1010! Puzzle
Whereâ€™s My Perry? Free
Sugar Smash
Sudoku
Troll Face Quest Unlucky
ãƒ‘ã‚ºãƒ«ï¼†ãƒ‰ãƒ©ã‚´ãƒ³ã‚º(Puzzle & Dragons)
âˆ Infinity Loop
Cut the Rope: Experiments FREE
Quadris - block puzzle
Doodle Alchemy
LINE Bubble!
Fruits Legend
AlphaBetty Saga
Two Dots
MonsterBusters: Match 3 Puzzle
TETRISÂ®
PixWordsâ„¢
Unblock king
Block Puzzle
Mind Games
Bubble Pokeâ„¢
PAC-MAN Bounce
Juice Cubes
Where's My Mickey? Free
Escape Action
Word Search
ëŒì•„ì˜¨ ì•¡ì…˜í¼ì¦íŒ¨ë°€ë¦¬ for Kakao
Gemmy Lands
Escape the Mansion
Plumber
Charm King
Bejeweled Blitz
Alchemy
ì• ë‹ˆíŒ¡ ì‚¬ì²œì„± for Kakao
Unroll Me â„¢- unblock the slots
Magic Jigsaw Puzzles
Troll face Quest Sports
Can You Escape 2
2048
One touch Drawing
100 Doors of Revenge
Where's My Water? T-Mo Edition
Bouncy Ball
Chess for Android
TETRISÂ®
Troll Face Quest Classic
Jigsaw Puzzles Real
Can You Escape - Tower
Marvel Puzzle Quest
Flow Free: Bridges
LINE POP
Maleficent Free Fall
Mahjong
Agent Alice
2 Player Reactor (Multiplayer)
Maze!
100 Doors 2
Sudoku Free
Brain Age Test Free
Memory - Memory game
Crazy Cake Swap
LINE PokoPoko
Word Search Puzzles
ì• ë‹ˆíŒ¡ for Kakao
Mahjong
Puzzles with Matches
X Construction Lite
LINE Puzzle TanTan
í”„ë Œì¦ˆíŒ for Kakao
4 Pics 1 Song
Little Alchemy
Block Puzzle Mania
100 Doors Full
Lazors
Mahjong Solitaire
Move the Box
100 Doors 2013
Car Parking
Words
What's My IQ?â„¢
Cinderella Free Fall
Trivia Crack
Logo Quiz
94%
QuizUp
Cierto o falso, saber es ganar
Guess The Song - Music Quiz
Picture Quiz: Logos
Guess The Brand - Logo Mania
Quizduell
Family FeudÂ® & Friends
à¸›à¸£à¸´à¸¨à¸™à¸²à¸Ÿà¹‰à¸²à¹à¸¥à¸š
ĞŸĞ¾Ğ»Ğµ Ğ§ÑƒĞ´ĞµÑ 2015
Millionaire
Scratch That Logo Quiz
Family FeudÂ® 2
94 Degrees: fun trivia quiz
Soccer Clubs Logo Quiz
Ğ‘Ğ¾Ñ€ÑŒĞ±Ğ° Ğ£Ğ¼Ğ¾Ğ²
Eu Sei
Logo Game: Guess Brand Quiz
ĞŸÑ€Ğ°Ğ²Ğ´Ğ° Ğ¸Ğ»Ğ¸ Ğ»Ğ¾Ğ¶ÑŒ â€“ Ğ¸Ğ³Ñ€Ğ°
Ğ¢ĞµÑÑ‚ Ğ¿Ğ¾ Ñ€ÑƒÑÑĞºĞ¾Ğ¼Ñƒ ÑĞ·Ñ‹ĞºÑƒ
ĞœĞ¸Ğ»Ğ»Ğ¸Ğ¾Ğ½ĞµÑ€
94 Seconds: category word game
Duel Otak
QuizDuello
Quiz: Logo game
Â¿CuÃ¡nto sabes de Primaria?
Food Quiz
TVSMILES - Quiz and Prizes
Standing Up!
Analizame!  (Tests Divertidos)
Where Logic
Ğ˜Ğ½Ñ‚ĞµĞ»Ğ»ĞµĞºÑ‚-Ğ±Ğ°Ñ‚Ñ‚Ğ»
Think
Super Quiz EspaÃ±ol
ëª¨ë‘ì˜ í€´ì¦ˆ - ì‚¬ì§„ì—°ìƒ ë‹¨ì–´
Trivia Crack Kingdoms
True or False - Test Your Wits
Who Becomes Rich (Trivia Quiz)
Draw Something Free
Word Search
WordBrain
Words With Friends Classic
Words With Friends â€“ Play Free
4 Pics 1 Word
4 Fotos 1 Palabra
Word Search
Apensar: Guess the Word
Word Search
Jogo da Forca
Word Search
4 Bilder 1 Wort
4 Images 1 Mot
Wordfeud FREE
Ruzzle Free
WordStreak by WordsWithFriends
Aworded Crack
Heads Up!
WordBrain Themes
Ğ¤Ğ¸Ğ»Ğ²Ğ¾Ñ€Ğ´Ñ‹: Ğ¿Ğ¾Ğ¸ÑĞº ÑĞ»Ğ¾Ğ²
SCRABBLEâ„¢
Teka Teki Silang
4 Ñ„Ğ¾Ñ‚ĞºĞ¸ 1 ÑĞ»Ğ¾Ğ²Ğ¾
SCRABBLE
4 Immagini 1 Parola
Hanging With Friends
4 Pics 1 Word Puzzle Plus
Ğ“Ñ€Ğ°Ğ¼Ğ¾Ñ‚ĞµĞ¹!-Ğ²Ğ¸ĞºÑ‚Ğ¾Ñ€Ğ¸Ğ½Ğ° Ğ¾Ñ€Ñ„Ğ¾Ğ³Ñ€Ğ°Ñ„Ğ¸Ğ¸
Word Academy
Word Trek brain puzzle game
Whatâ€™s the Phrase Free
Word Crack Free
Stop - Categories Word Game
Words Crush: Hidden Words!
Charades!
Icomania

